
-- DROP DE TABLA PARA CREAR TODO CON SOLO CORRER EL SCRIPT
DROP TABLE IF EXISTS tipo_cliente;
DROP TABLE IF EXISTS tarjeta;
DROP TABLE IF EXISTS marca_tarjeta;
DROP TABLE IF EXISTS tipo_tarjeta;
DROP TABLE IF EXISTS direccion;
DROP TABLE IF EXISTS tipo_cuenta;
DROP TABLE IF EXISTS clientes_x_direcciones;
DROP TABLE IF EXISTS clientes_direccion;
DROP TABLE IF EXISTS empleado_direccion;

-- CREACION DE TABLAS
CREATE TABLE tipo_cliente(
    id INTEGER PRIMARY KEY AUTOINCREMENT,
    tipo_cliente NVARHCAR(100) NOT NULL
);

CREATE TABLE tipo_tarjeta(
    id INTEGER PRIMARY KEY AUTOINCREMENT,
    tipo_tarjeta NVARCHAR(100) NOT NULL
);

CREATE TABLE marca_tarjeta(
    id INTEGER PRIMARY KEY AUTOINCREMENT, 
    marca_tarjeta NVARCHAR(100) NOT NULL
);

CREATE TABLE tarjeta(
    id INTEGER PRIMARY KEY AUTOINCREMENT,
    numero VARCHAR(20) UNIQUE CHECK (LENGTH(numero) <= 20),
    cvv INT NOT NULL,
    fecha_otorgamiento DATETIME NOT NULL,
    fecha_exipracion DATETIME NOT NULL,
    tipo_tarjeta_id INT NOT NULL,
    marca_tarjeta_id INT NOT NULL,

    FOREIGN KEY (marca_tarjeta_id) REFERENCES marca_tarjeta(id),
    FOREIGN KEY (tipo_tarjeta_id) REFERENCES tipo_tarjeta(id)
);

CREATE TABLE direccion(
    id INTEGER PRIMARY KEY AUTOINCREMENT,
    calle VARCHAR(100) NOT NULL,
    ciudad VARCHAR(100) NOT NULL,
    codigo_postal VARCHAR(100) NOT NULL,
    pais VARCHAR(100) NOT NULL
);

CREATE TABLE tipo_cuenta(
    id INTEGER PRIMARY KEY AUTOINCREMENT,
    tipo_cuenta VARCHAR(100) NOT NULL
);

CREATE TABLE clientes_direccion(
    customer_id INTEGER ,
    id_dirrecion INTEGER,

    FOREIGN KEY (customer_id)
        REFERENCES cliente(customer_id)
            ON DELETE NO ACTION
            ON UPDATE NO ACTION,

    FOREIGN KEY (id_dirrecion)
        REFERENCES direccion(id)
            ON DELETE NO ACTION
            ON UPDATE NO ACTION
);

CREATE TABLE empleado_direccion(
    employee_id INTEGER ,
    id_dirrecion INTEGER,

    FOREIGN KEY (employee_id)
        REFERENCES empleado(employee_id)
            ON DELETE NO ACTION
            ON UPDATE NO ACTION,

    FOREIGN KEY (id_dirrecion)
        REFERENCES direccion(id)
            ON DELETE NO ACTION
            ON UPDATE NO ACTION
);

-- INSERTADO DE VALORES
INSERT INTO tipo_cliente (id ,tipo_cliente) VALUES 
(1, 'classic'),
(2, 'gold'),
(3, 'black');

INSERT INTO tipo_tarjeta (id, tipo_tarjeta) VALUES
(1, 'debito'),
(2, 'credito');

INSERT INTO marca_tarjeta (id, marca_tarjeta) VALUES
(1, 'AMEX'),
(2, 'MASTER'),
(3, 'VISA');

INSERT INTO tipo_cuenta (id, tipo_cuenta) VALUES
(1, 'caja ahorro en pesos'),
(2, 'caja ahorro en dolares'),
(3, 'cuenta corriente en pesos'),
(4, 'cuenta corriente en dolares'),
(5, 'cuenta inversion');

INSERT INTO `tarjeta` (`id`,`numero`,`cvv`,`fecha_otorgamiento`,`fecha_exipracion`,`tipo_tarjeta_id`,`marca_tarjeta_id`)
VALUES
  (1,'3783 567353 61651','549','Aug 6, 2023','Jan 21 2024',2,3),
  (2,'346789668222350','373','Nov 4, 2022','Aug 14 2024',2,1),
  (3,'4539252512358','790','Apr 21, 2024','Apr 6 2024',2,2),
  (4,'377954849982379','684','Feb 20, 2023','Sep 13 2024',1,2),
  (5,'3451 473847 68696','191','Mar 24, 2023','May 9 2024',1,3),
  (6,'519 57769 61594 446','219','Dec 11, 2023','Jun 6 2023',1,1),
  (7,'511 13358 38336 373','209','Feb 18, 2023','Feb 24 2023',1,2),
  (8,'5549887922573255','199','Apr 15, 2024','Sep 3 2023',1,2),
  (9,'5531591867737848','977','Oct 8, 2023','Aug 12 2023',2,2),
  (10,'3442 781853 42836','761','Jun 9, 2024','Jun 5 2023',2,2),
  (11,'5321 8377 2133 8990','390','Jan 10, 2024','Apr 2 2023',2,3),
  (12,'5556 5943 6832 2326','961','May 31, 2023','Jun 9 2023',2,2),
  (13,'516 81443 75436 584','562','Oct 2, 2024','Aug 23 2023',1,3),
  (14,'4916 5472 6162 5326','371','Sep 27, 2023','Jul 24 2024',2,3),
  (15,'453922 9325866660','244','Oct 22, 2024','Sep 24 2023',2,2),
  (16,'4716 883 58 8581','870','Dec 19, 2023','Mar 19 2023',2,3),
  (17,'3433 522632 71851','881','Sep 5, 2024','May 11 2023',2,2),
  (18,'526 28794 38243 320','971','Feb 23, 2023','Jun 29 2023',2,2),
  (19,'349258559847524','151','Dec 13, 2022','Jan 5 2024',2,2),
  (20,'526634 619352 8861','554','Mar 23, 2024','Sep 26 2024',2,1),
  (21,'526795 711366 5531','129','Dec 21, 2023','Sep 6 2023',2,2),
  (22,'345864633833473','283','Oct 12, 2024','Aug 4 2023',1,3),
  (23,'5577563526616411','234','Mar 30, 2024','Feb 29 2024',1,2),
  (24,'5233365247722254','428','Jan 12, 2023','Mar 10 2024',1,2),
  (25,'558 31277 22253 825','907','Sep 1, 2024','May 8 2023',1,1),
  (26,'455 69545 55882 826','872','Feb 7, 2024','Sep 26 2024',1,2),
  (27,'4556925461527374','639','May 13, 2023','Sep 2 2024',1,1),
  (28,'491 62858 53219 881','675','Nov 26, 2022','Jun 20 2024',1,1),
  (29,'453244 335578 2468','504','Aug 6, 2024','May 21 2023',1,3),
  (30,'491685 2323775634','759','Oct 7, 2023','Sep 19 2024',1,3),
  (31,'4024 0071 3543 7258','362','Nov 1, 2023','Nov 1 2022',2,2),
  (32,'558 17783 62848 423','929','Mar 1, 2024','Sep 25 2023',1,3),
  (33,'4532 893 75 8456','960','Jan 27, 2023','Apr 18 2023',1,2),
  (34,'3471 872769 89636','621','Dec 31, 2022','Oct 20 2024',1,1),
  (35,'3761 793415 85162','984','Dec 30, 2022','Oct 8 2023',2,2),
  (36,'5236 8447 6557 6943','997','Dec 6, 2023','Jul 19 2023',1,2),
  (37,'3735 433392 29823','663','Dec 26, 2023','Sep 3 2024',1,3),
  (38,'3446 572778 52184','910','Dec 29, 2022','Aug 29 2023',1,2),
  (39,'4539 484 85 7746','496','Feb 16, 2023','Oct 26 2023',1,3),
  (40,'5182449741325979','975','Apr 13, 2023','Jan 26 2024',1,1),
  (41,'3765 272864 57831','939','Oct 19, 2023','Jun 21 2024',1,1),
  (42,'5355 2357 1348 5342','486','Mar 19, 2024','Nov 5 2022',2,2),
  (43,'375543855264384','906','Apr 26, 2024','Aug 27 2023',1,3),
  (44,'3762 124465 36226','398','Apr 25, 2024','Aug 19 2023',2,3),
  (45,'3792 965473 73461','410','Oct 27, 2024','Sep 25 2023',1,1),
  (46,'376682213853725','454','Aug 30, 2024','Feb 27 2023',1,2),
  (47,'541349 6174536243','398','Dec 17, 2022','Nov 19 2023',2,2),
  (48,'377728268833515','128','Apr 30, 2023','Feb 11 2024',2,1),
  (49,'3445 428677 29689','919','Jan 23, 2023','Jun 14 2023',1,3),
  (50,'3481 479114 45377','556','Feb 14, 2024','May 29 2024',1,1),
  (51,'3733 447476 58665','267','Aug 30, 2023','Dec 30 2022',2,2),
  (52,'528818 1344474747','577','Aug 5, 2023','Nov 28 2022',1,1),
  (53,'3723 683848 65789','165','Mar 17, 2024','Apr 25 2023',2,1),
  (54,'512862 2131865625','726','Dec 12, 2022','May 24 2023',1,1),
  (55,'544727 4746882381','164','Mar 12, 2023','Nov 5 2022',2,2),
  (56,'4916 835 48 4182','306','Jun 15, 2024','Jul 29 2024',2,2),
  (57,'374482239177148','728','Dec 2, 2022','Aug 3 2023',1,1),
  (58,'513794 8553476594','588','Jul 25, 2024','Nov 17 2023',1,3),
  (59,'4532168126645','455','Apr 30, 2024','Aug 17 2024',2,2),
  (60,'4024007169549','721','Jun 15, 2023','Dec 22 2023',1,3),
  (61,'4929438788946533','347','May 24, 2023','May 11 2023',2,2),
  (62,'522724 735241 3671','861','Jul 4, 2024','Nov 5 2022',1,2),
  (63,'3454 358471 22746','146','Jul 27, 2023','Jul 27 2023',2,1),
  (64,'378784752238835','379','Feb 12, 2023','Jul 4 2023',1,2),
  (65,'3746 157419 76560','119','Oct 21, 2024','Jul 2 2023',2,3),
  (66,'3734 765256 12470','150','Jan 17, 2024','Sep 21 2023',2,2),
  (67,'4532 891 39 2480','338','Mar 6, 2023','Jan 24 2023',1,1),
  (68,'3731 378844 73488','394','Nov 21, 2023','Oct 9 2023',1,2),
  (69,'348373488251317','811','Nov 5, 2022','Apr 26 2024',1,2),
  (70,'476318 4849653465','389','Jun 24, 2024','Mar 9 2023',1,3),
  (71,'3778 759648 46562','152','Oct 29, 2024','Apr 22 2023',2,2),
  (72,'3413 336817 71856','196','Feb 13, 2024','Dec 20 2022',1,1),
  (73,'537628 1834324577','820','Jun 15, 2024','Feb 1 2024',1,3),
  (74,'374679995583449','295','May 31, 2023','Oct 7 2023',1,3),
  (75,'4929487775518','863','Nov 5, 2022','Dec 1 2022',2,2),
  (76,'373485446357248','227','Feb 1, 2023','Dec 14 2022',2,3),
  (77,'3444 431187 16486','527','Dec 7, 2023','May 31 2023',2,2),
  (78,'3413 895586 98366','207','Nov 9, 2022','Aug 3 2023',2,3),
  (79,'536765 342688 7438','384','Mar 26, 2023','Sep 15 2024',1,3),
  (80,'3483 826813 43516','639','May 7, 2023','Mar 4 2024',2,2),
  (81,'5149 5856 8295 2453','136','Jan 24, 2024','Jul 31 2023',2,2),
  (82,'5284594945671434','805','Jul 9, 2023','Jul 27 2023',1,3),
  (83,'5277 2284 4232 4556','904','May 23, 2024','May 23 2023',1,2),
  (84,'347982824373733','311','Feb 9, 2024','Jul 12 2024',2,3),
  (85,'348818688862743','927','Apr 28, 2024','Sep 5 2023',1,1),
  (86,'555522 254837 2489','833','Aug 17, 2023','Nov 22 2023',2,3),
  (87,'554556 263862 1953','689','Nov 5, 2023','Mar 30 2023',1,2),
  (88,'4024007127251568','686','Jan 5, 2023','Apr 4 2023',2,1),
  (89,'543846 7767251236','325','Apr 12, 2023','Jul 13 2023',1,3),
  (90,'512337 2884263413','987','Sep 19, 2024','Sep 14 2023',1,1),
  (91,'373313568244558','562','May 15, 2024','Mar 24 2024',2,1),
  (92,'5577 2527 8937 2587','243','Oct 29, 2024','Sep 2 2023',1,1),
  (93,'555554 4278216234','889','Aug 9, 2023','Apr 17 2023',1,3),
  (94,'448537 5182443848','248','Feb 19, 2024','Apr 4 2023',2,1),
  (95,'532 44385 47576 850','555','Mar 11, 2024','Jul 30 2024',1,3),
  (96,'526457 628845 9927','271','Aug 17, 2023','Nov 5 2022',2,1),
  (97,'5124 3614 5588 7121','733','Nov 27, 2022','Jun 1 2024',1,3),
  (98,'555584 438788 4884','648','Feb 27, 2024','Jul 24 2023',2,2),
  (99,'4556 632 52 5645','211','Jan 5, 2023','Apr 14 2024',1,2),
  (100,'402400 7184625837','606','Jan 4, 2023','Jan 27 2023',1,1),
  (101,'3799 746973 25156','117','Dec 10, 2022','Jan 24 2023',1,2),
  (102,'376556949457334','435','Jul 18, 2024','Jul 7 2023',2,3),
  (103,'4485 315 52 7647','841','Jul 29, 2023','Sep 2 2024',1,3),
  (104,'3717 772729 72831','915','May 7, 2023','Jul 9 2023',1,2),
  (105,'511786 1428244762','472','Jan 9, 2024','Jul 7 2024',1,3),
  (106,'5262713748677598','542','Jul 18, 2024','Mar 18 2023',2,2),
  (107,'3798 815541 46270','813','Mar 13, 2024','Mar 24 2023',1,2),
  (108,'3784 767268 58562','116','Oct 7, 2024','Oct 9 2024',2,3),
  (109,'453 98283 36672 122','126','Oct 25, 2024','Jun 7 2024',2,2),
  (110,'4024007146174','785','Apr 1, 2023','Jan 18 2024',1,3),
  (111,'533894 3662351876','433','Feb 12, 2024','Oct 20 2024',1,2),
  (112,'345639887982576','541','Feb 16, 2023','Mar 13 2023',2,2),
  (113,'535728 3766244719','748','Dec 26, 2023','Sep 22 2023',1,3),
  (114,'3487 242312 27196','562','Feb 22, 2023','Oct 18 2024',1,2),
  (115,'3768 834724 24444','138','Mar 25, 2024','Apr 12 2023',1,1),
  (116,'4485457734951','861','Jun 24, 2024','May 22 2023',1,3),
  (117,'5575245664354185','642','Sep 6, 2023','Mar 5 2023',1,2),
  (118,'548924 6336744253','714','Oct 14, 2023','Feb 11 2023',1,3),
  (119,'378751255936132','868','Mar 30, 2023','Apr 5 2024',1,3),
  (120,'542 46954 28974 749','120','Dec 29, 2023','Oct 2 2023',2,3),
  (121,'402400 7124485912','639','Nov 25, 2022','Oct 1 2024',2,2),
  (122,'5174251975847797','543','Aug 27, 2023','Mar 25 2023',2,2),
  (123,'378753632898266','256','Feb 22, 2024','Nov 16 2022',1,2),
  (124,'545243 428546 6531','608','May 17, 2024','Oct 12 2024',1,1),
  (125,'3471 577882 31470','691','Oct 31, 2023','Oct 2 2024',1,2),
  (126,'346886274674311','234','Feb 4, 2023','Apr 15 2023',1,2),
  (127,'448538 848869 2919','303','Sep 16, 2023','Jun 12 2023',1,2),
  (128,'4485865423482449','434','Oct 8, 2024','Jun 26 2024',2,2),
  (129,'5435632175715691','772','Jan 15, 2023','Aug 8 2024',1,3),
  (130,'377532369557456','800','Aug 3, 2024','Jun 11 2023',2,2),
  (131,'4556 193 66 6788','659','Aug 9, 2023','Aug 20 2023',2,1),
  (132,'518 66512 46256 254','627','Jul 20, 2023','Oct 22 2023',2,2),
  (133,'531372 657568 1573','564','May 13, 2024','Jul 14 2024',1,2),
  (134,'376343368238937','660','Mar 1, 2024','Apr 17 2024',1,2),
  (135,'3762 865848 77337','410','Nov 19, 2022','Nov 11 2023',1,3),
  (136,'5331513929882521','454','Feb 5, 2023','Oct 2 2023',1,3),
  (137,'448528 4624526212','242','Dec 7, 2023','Jun 7 2024',2,2),
  (138,'347297653212575','804','Dec 7, 2022','Nov 29 2022',2,1),
  (139,'4539 4284 7475 4327','569','Jul 21, 2024','Jan 30 2023',1,2),
  (140,'5375 2228 5494 9290','338','Aug 13, 2023','Sep 20 2024',2,1),
  (141,'471 61888 33244 742','590','Jul 3, 2023','Sep 15 2023',2,2),
  (142,'5354254873436467','228','Jan 15, 2024','Feb 10 2023',2,2),
  (143,'5471 6373 2361 5565','406','Apr 7, 2023','Nov 25 2023',1,3),
  (144,'3755 953256 84567','960','May 11, 2024','May 9 2023',1,3),
  (145,'455683 4837636341','157','Aug 27, 2024','Oct 8 2023',2,1),
  (146,'4929 249 76 3679','927','Apr 15, 2023','Jun 23 2023',1,2),
  (147,'3772 237828 88625','736','Nov 2, 2022','Nov 21 2023',1,2),
  (148,'4716 3336 9993 7837','651','Feb 16, 2023','Mar 9 2024',1,1),
  (149,'448545 596412 7437','401','Feb 19, 2024','Jul 13 2024',2,2),
  (150,'453922 189723 2298','644','Sep 3, 2023','Aug 14 2024',2,2),
  (151,'512 31625 86816 885','632','Feb 27, 2024','Jan 2 2023',2,3),
  (152,'3753 143416 24221','828','Nov 2, 2023','Apr 23 2023',1,2),
  (153,'453276 3635944632','793','Jun 5, 2024','Apr 14 2024',2,2),
  (154,'402 40071 45665 864','974','Sep 7, 2024','Sep 6 2024',2,2),
  (155,'5545 3766 6287 4341','889','Nov 20, 2023','May 2 2023',2,2),
  (156,'558263 968724 3444','235','Mar 28, 2024','May 22 2023',1,2),
  (157,'378631387262377','446','May 23, 2024','Dec 6 2022',2,1),
  (158,'375355759637734','493','Mar 18, 2023','Dec 17 2022',2,3),
  (159,'453953 3362312698','872','Jul 3, 2023','Mar 4 2024',2,3),
  (160,'455644 143833 4415','962','Jun 28, 2024','Apr 23 2024',2,3),
  (161,'557 49555 51894 447','135','Aug 4, 2024','May 30 2023',1,2),
  (162,'491 63477 88463 610','905','May 30, 2023','Mar 26 2024',1,2),
  (163,'5365351458942468','789','Nov 5, 2022','May 23 2023',2,2),
  (164,'538766 1267583368','594','Jan 18, 2023','Nov 22 2022',2,1),
  (165,'3782 127293 99290','513','Dec 2, 2023','Oct 11 2024',1,1),
  (166,'528323 845265 4489','671','Aug 17, 2023','Aug 10 2024',1,2),
  (167,'3496 493257 87855','919','Jul 19, 2023','Mar 15 2023',1,2),
  (168,'427877 4429853945','501','Mar 26, 2024','Aug 7 2024',2,2),
  (169,'525821 6586952327','733','Jun 9, 2024','Jan 31 2023',2,1),
  (170,'3734 347216 63656','150','Jan 11, 2024','Jan 26 2023',1,2),
  (171,'3427 467882 58882','115','Jul 18, 2024','Nov 18 2022',2,3),
  (172,'5466 8924 8857 2625','967','Oct 17, 2023','Feb 20 2023',1,2),
  (173,'5184 6285 6454 6633','905','May 9, 2024','May 6 2023',1,2),
  (174,'453264 6336976583','298','Jun 5, 2024','Nov 8 2023',2,3),
  (175,'5548326786475233','951','Dec 25, 2022','Apr 13 2024',2,1),
  (176,'3757 894987 79482','296','Jun 21, 2023','Mar 12 2024',1,3),
  (177,'342796789777356','421','Jul 31, 2024','Dec 5 2022',1,2),
  (178,'4539 157 27 7883','951','Dec 31, 2023','May 27 2023',1,3),
  (179,'347825878636549','840','Dec 16, 2022','Jan 21 2024',2,3),
  (180,'511 57457 77138 570','444','Jul 28, 2023','May 14 2024',1,2),
  (181,'374392342838546','355','Aug 30, 2023','Nov 25 2022',2,2),
  (182,'453937 2151727596','151','Feb 25, 2023','Feb 26 2023',1,3),
  (183,'373734389289284','669','Jun 11, 2023','May 12 2024',2,2),
  (184,'5322757929651136','628','Jan 7, 2023','May 22 2023',1,2),
  (185,'5444682223853175','951','Feb 24, 2023','Aug 4 2024',1,2),
  (186,'341762211448579','347','Feb 18, 2023','Jun 27 2024',2,3),
  (187,'3722 967341 42353','215','Dec 7, 2022','Nov 22 2022',1,1),
  (188,'4024007122493546','200','Aug 13, 2024','Jun 7 2023',1,3),
  (189,'4556474122170','554','Dec 5, 2022','Aug 24 2023',1,1),
  (190,'488262 515617 5951','718','Apr 2, 2023','Oct 11 2023',1,3),
  (191,'549 23427 25644 231','844','Jun 25, 2024','Dec 24 2022',2,3),
  (192,'346848728229548','419','Dec 14, 2022','Mar 10 2024',1,3),
  (193,'525713 191857 8743','141','Sep 10, 2023','May 22 2024',1,2),
  (194,'514584 4859656486','236','Aug 15, 2023','Apr 8 2023',1,2),
  (195,'455629 4894577484','729','Nov 18, 2022','Feb 13 2023',1,1),
  (196,'4578 1744 2858 2289','334','Sep 5, 2024','Jan 21 2024',1,2),
  (197,'491 67534 87162 231','239','Sep 24, 2023','Jan 9 2023',1,1),
  (198,'402400 7184328457','502','Jan 17, 2023','Jul 18 2024',1,2),
  (199,'5557 7197 8829 7886','346','Sep 24, 2023','Sep 5 2023',1,3),
  (200,'5142735943569433','195','May 16, 2024','Mar 19 2023',2,2),
  (201,'532599 865883 3688','133','Jul 18, 2023','Jan 1 2024',1,3),
  (202,'4916335964873','515','Jan 3, 2024','Jan 23 2023',2,2),
  (203,'514261 4668861525','141','Feb 26, 2024','Sep 28 2023',1,2),
  (204,'5132 9387 1747 6239','205','Sep 20, 2023','Oct 19 2023',2,1),
  (205,'4916762483777','517','May 8, 2024','Nov 29 2023',2,2),
  (206,'543465 4847275731','866','Nov 23, 2023','Apr 21 2024',1,2),
  (207,'515445 842987 5837','520','Dec 18, 2022','Sep 9 2023',2,2),
  (208,'3448 353464 59179','804','Aug 1, 2023','Aug 15 2024',2,1),
  (209,'344885586647728','530','Aug 2, 2023','Sep 17 2024',2,1),
  (210,'3764 527862 35886','319','Jan 2, 2023','Jul 7 2024',1,2),
  (211,'376338532279270','888','Jan 17, 2023','Sep 27 2024',1,2),
  (212,'558 84458 77568 440','423','Jun 7, 2023','Feb 11 2024',1,2),
  (213,'3755 525324 56594','314','Jul 4, 2024','Jan 9 2023',1,2),
  (214,'374898419921627','267','Dec 5, 2022','May 21 2023',2,2),
  (215,'343525786755811','646','Jul 1, 2023','Jul 24 2024',1,1),
  (216,'544 72347 73717 553','265','Apr 11, 2024','Mar 11 2024',2,1),
  (217,'543676 794238 4477','789','Sep 13, 2023','May 5 2024',2,3),
  (218,'5545768797392621','352','Nov 15, 2022','Jun 17 2024',1,2),
  (219,'4916 9186 4558 2956','203','Jan 13, 2024','Aug 29 2024',2,2),
  (220,'492998 848167 7322','948','Aug 3, 2024','Jan 13 2024',1,1),
  (221,'346444786924533','717','Nov 7, 2023','Nov 28 2022',2,2),
  (222,'4556432333380','836','May 24, 2023','Aug 4 2023',2,1),
  (223,'4716371388395','387','Apr 3, 2024','Feb 17 2024',2,1),
  (224,'548314 5681993372','882','May 22, 2023','May 30 2023',1,1),
  (225,'3755 975689 88788','943','Jan 5, 2024','May 25 2024',2,2),
  (226,'426 92733 78681 689','974','Dec 2, 2022','Oct 26 2024',2,2),
  (227,'4556 314 67 5122','641','Oct 31, 2023','Jun 23 2024',2,3),
  (228,'4667649253658462','673','Mar 18, 2023','Jan 18 2024',1,3),
  (229,'3797 815356 25121','629','Oct 8, 2023','May 5 2024',1,1),
  (230,'378584465672332','143','Aug 26, 2023','Sep 30 2024',1,2),
  (231,'373157225544235','863','Mar 8, 2024','Jul 30 2024',2,2),
  (232,'3762 959845 68883','296','Oct 14, 2023','Jan 19 2024',2,3),
  (233,'3448 275323 12858','595','Dec 23, 2022','Jul 4 2023',2,3),
  (234,'4539746668824','786','Dec 29, 2022','Oct 29 2024',1,2),
  (235,'533 39638 62216 229','964','Nov 13, 2023','Jan 7 2023',1,1),
  (236,'526 69232 78448 320','665','Feb 10, 2023','Feb 9 2024',2,1),
  (237,'453942 234765 2685','233','May 28, 2023','Feb 4 2024',2,1),
  (238,'5272157456628179','190','Aug 13, 2023','Oct 11 2024',1,1),
  (239,'3717 872938 96950','701','Dec 19, 2023','Dec 10 2023',2,1),
  (240,'416247 143577 4764','412','Apr 24, 2024','Apr 25 2024',1,2),
  (241,'549756 428458 4392','332','Aug 31, 2024','Feb 27 2024',1,1),
  (242,'372563459444565','191','Jun 17, 2024','Dec 16 2022',2,1),
  (243,'5273436262474526','480','Aug 24, 2023','Mar 24 2023',1,1),
  (244,'471 64438 86356 418','728','Nov 8, 2022','Aug 5 2023',2,3),
  (245,'546868 4819568952','697','Jul 9, 2023','Aug 20 2024',1,1),
  (246,'515 85477 48564 696','774','Feb 17, 2024','Jul 17 2023',2,3),
  (247,'4024007156381336','474','Dec 28, 2022','Dec 20 2023',2,2),
  (248,'3426 856486 74450','801','Apr 29, 2024','Aug 31 2024',1,3),
  (249,'402 40071 34832 475','536','Dec 17, 2022','Oct 12 2023',1,3),
  (250,'349856972246396','865','Jun 26, 2024','May 2 2024',2,2),
  (251,'5374 6525 3632 4457','884','Jul 29, 2024','May 25 2024',2,3),
  (252,'5234 5263 5636 1619','292','May 10, 2024','Nov 10 2022',1,1),
  (253,'453979 263431 2353','941','Feb 15, 2024','Jan 24 2023',2,2),
  (254,'5478442494216886','713','May 27, 2024','Jun 5 2023',2,3),
  (255,'376777439787846','793','Dec 10, 2023','Jul 22 2024',1,2),
  (256,'542186 498968 2462','417','Nov 5, 2023','Nov 4 2023',1,1),
  (257,'346537882674710','448','Jul 27, 2024','Mar 7 2023',1,1),
  (258,'3455 847342 42230','270','Feb 13, 2023','Jan 10 2024',2,3),
  (259,'517 61617 85596 658','318','Jun 13, 2024','Jan 27 2024',2,1),
  (260,'491648 5593368259','680','Sep 28, 2023','Mar 9 2024',1,2),
  (261,'527453 831778 6769','669','Mar 14, 2023','Dec 22 2023',1,2),
  (262,'555548 389662 6849','324','Jul 3, 2023','Jul 23 2024',2,2),
  (263,'5466 9776 6488 8786','473','Apr 15, 2023','Nov 8 2023',2,2),
  (264,'471657 7957594959','492','May 24, 2023','Dec 7 2022',2,1),
  (265,'4392 643 65 9854','838','Sep 22, 2024','Sep 2 2023',1,2),
  (266,'3465 325752 56628','175','Sep 4, 2023','Nov 7 2023',2,3),
  (267,'4916 3883 3692 7540','276','Mar 11, 2024','Jan 9 2024',2,1),
  (268,'453 26246 78542 537','432','Feb 6, 2023','Feb 20 2024',1,2),
  (269,'3774 943789 39276','266','Nov 10, 2022','Jan 1 2023',1,2),
  (270,'5466789333666356','569','Apr 27, 2024','Aug 30 2024',1,1),
  (271,'522541 238814 8566','320','Dec 29, 2023','Dec 15 2022',2,2),
  (272,'3494 352345 58664','672','Feb 6, 2024','Nov 4 2023',1,2),
  (273,'343851636781942','552','May 7, 2023','Nov 9 2022',2,1),
  (274,'455647 7223287764','384','Oct 27, 2023','Jun 8 2023',1,2),
  (275,'3453 164353 62656','987','Oct 23, 2024','Jun 27 2024',1,3),
  (276,'5143325637267749','326','Mar 11, 2024','May 11 2024',1,2),
  (277,'375926853272386','764','Oct 5, 2023','Feb 22 2023',2,2),
  (278,'4845547446783335','183','Mar 4, 2024','Aug 9 2023',2,3),
  (279,'3462 916786 96632','711','Feb 10, 2023','Aug 2 2024',2,2),
  (280,'5595467467165610','192','Dec 25, 2023','Nov 15 2023',2,2),
  (281,'3443 817823 66115','926','Jul 26, 2024','Jun 28 2023',2,3),
  (282,'3795 294286 55873','391','Jul 1, 2024','Jun 16 2024',1,3),
  (283,'543477 289555 5232','469','Oct 27, 2023','Jun 21 2023',1,1),
  (284,'487 83228 66297 848','250','Sep 30, 2023','Oct 30 2024',1,3),
  (285,'4916695739485','785','Mar 19, 2024','May 18 2024',1,1),
  (286,'374667663332793','167','Dec 27, 2022','Feb 1 2024',1,1),
  (287,'491662 5917496373','965','Sep 7, 2023','Nov 18 2022',1,2),
  (288,'471643 234735 7875','845','Jan 11, 2024','Feb 27 2023',2,3),
  (289,'524723 295865 3850','586','Dec 16, 2023','May 29 2023',1,2),
  (290,'471666 269866 7148','223','Jan 3, 2024','Nov 5 2022',1,1),
  (291,'343832135665737','717','Jan 21, 2024','Sep 17 2024',2,3),
  (292,'5235723554841422','248','Oct 9, 2023','Jan 15 2023',2,3),
  (293,'5184695788517757','463','Nov 12, 2022','Jun 8 2024',1,2),
  (294,'4716459746423','545','Mar 29, 2024','Feb 25 2023',1,2),
  (295,'341262828672760','709','Sep 25, 2023','Apr 20 2023',1,2),
  (296,'534 33321 25575 631','221','Sep 15, 2023','Jan 12 2023',2,3),
  (297,'5267 8822 8325 3266','770','Aug 15, 2024','Jan 19 2023',1,1),
  (298,'3429 547547 24131','916','Apr 21, 2024','Nov 16 2023',1,1),
  (299,'5587427645882841','191','Nov 4, 2022','Apr 17 2023',1,2),
  (300,'491 63159 34783 439','829','Apr 25, 2024','Apr 8 2024',1,3),
  (301,'492 92123 72258 328','863','May 27, 2024','Aug 1 2023',1,2),
  (302,'3747 643654 56739','231','Jan 1, 2024','Apr 7 2024',2,2),
  (303,'348731266478735','343','Nov 14, 2022','Dec 7 2023',1,3),
  (304,'4716 677 51 4884','814','May 8, 2024','Mar 4 2024',1,2),
  (305,'522853 2131272210','621','Jul 6, 2024','Nov 13 2023',2,2),
  (306,'513 26858 61837 845','871','Apr 8, 2023','Oct 4 2023',2,3),
  (307,'523854 9618737240','158','Sep 19, 2024','May 25 2024',1,2),
  (308,'551684 173586 4814','252','Dec 8, 2023','Nov 3 2022',1,2),
  (309,'4916474932335','995','Jan 17, 2024','Mar 9 2024',1,2),
  (310,'491651 8745164232','286','Jul 9, 2024','May 4 2023',1,1),
  (311,'471642 6253648632','419','Mar 16, 2024','Sep 20 2023',1,2),
  (312,'544586 5562845485','398','Sep 16, 2023','May 29 2024',1,1),
  (313,'3486 183983 52989','675','Jan 7, 2024','May 5 2023',2,2),
  (314,'545482 2645881431','497','Mar 30, 2023','Jan 18 2024',1,3),
  (315,'348369468872593','915','Nov 11, 2023','Aug 18 2024',1,1),
  (316,'3421 854644 37850','571','Sep 11, 2024','Oct 7 2023',1,3),
  (317,'455 62846 43337 231','442','Mar 3, 2023','Nov 21 2023',1,1),
  (318,'4024007137777','241','Feb 20, 2024','Aug 25 2023',2,1),
  (319,'375826926255758','674','Jun 4, 2024','Mar 9 2024',1,2),
  (320,'4024007133925353','537','Sep 25, 2024','Jan 1 2023',1,2),
  (321,'528328 5288965472','564','Jul 4, 2024','Sep 18 2023',1,2),
  (322,'4929145828323249','301','Sep 14, 2024','Jun 20 2024',1,2),
  (323,'471695 6275475515','808','Oct 9, 2023','Mar 3 2024',2,2),
  (324,'3475 453234 63543','888','Apr 2, 2023','May 4 2023',1,3),
  (325,'528674 793267 8733','734','Dec 27, 2023','Feb 19 2024',1,2),
  (326,'342875528633532','593','Nov 24, 2022','Apr 19 2023',2,2),
  (327,'516 82328 42894 269','627','Dec 2, 2022','Mar 7 2024',2,1),
  (328,'551 62823 25647 758','937','Aug 18, 2024','Apr 21 2023',1,3),
  (329,'548541 386493 5679','502','Jul 23, 2024','Sep 6 2023',1,2),
  (330,'524437 6139687254','800','Oct 1, 2024','Oct 20 2024',2,2),
  (331,'5286 4861 3746 3894','368','Jul 5, 2023','Feb 6 2023',2,2),
  (332,'376346447255749','554','Jun 6, 2024','Sep 29 2024',1,2),
  (333,'342675766143156','401','Nov 3, 2022','Apr 13 2023',1,3),
  (334,'376532356345841','787','Aug 21, 2023','Apr 27 2024',1,1),
  (335,'5535 4472 3173 6675','547','Jan 17, 2023','Oct 19 2023',2,2),
  (336,'345542216441431','222','Sep 15, 2024','Feb 10 2023',1,2),
  (337,'344118526623777','391','Aug 17, 2024','Apr 22 2023',1,1),
  (338,'5446626749314574','636','Oct 7, 2023','Feb 25 2023',1,2),
  (339,'492 95552 86264 752','339','Sep 4, 2024','Nov 8 2023',2,3),
  (340,'471 69854 44686 835','595','Jul 20, 2023','Feb 14 2024',2,3),
  (341,'4539244644982460','397','Jun 4, 2023','Aug 30 2024',1,2),
  (342,'3733 655257 28776','156','Apr 29, 2024','May 19 2023',2,2),
  (343,'527 38513 76264 532','534','Jan 2, 2023','Jul 21 2023',2,1),
  (344,'4485656637469516','208','Sep 21, 2024','Mar 26 2024',1,2),
  (345,'3728 285963 63246','861','Apr 11, 2024','Nov 17 2022',2,3),
  (346,'4716536652864828','954','Apr 2, 2024','Sep 21 2024',1,1),
  (347,'491659 462587 1287','915','Aug 22, 2024','Oct 25 2024',2,2),
  (348,'3425 542268 13874','981','Aug 7, 2024','Jun 18 2023',1,3),
  (349,'554 25384 41246 686','583','Jul 31, 2023','Nov 27 2022',1,2),
  (350,'5176157353729242','505','Aug 27, 2023','Dec 30 2022',1,2),
  (351,'442254 222376 3320','399','Jun 3, 2023','Mar 12 2024',2,2),
  (352,'5313 6828 8145 3464','596','Dec 9, 2023','Jan 9 2023',2,2),
  (353,'492987 7525756392','924','Mar 27, 2023','Feb 2 2024',1,3),
  (354,'491 67283 77516 332','742','May 30, 2024','Aug 29 2023',1,3),
  (355,'378595437915443','674','Dec 24, 2023','Jun 30 2023',2,3),
  (356,'448513 7948473596','724','Jun 9, 2023','Jul 7 2024',2,3),
  (357,'5575654863473839','844','Jun 4, 2024','May 18 2024',1,2),
  (358,'345132446516879','166','Apr 4, 2023','Jan 20 2024',2,2),
  (359,'342241252651762','952','May 27, 2024','Dec 14 2023',1,3),
  (360,'5363878557773818','305','Feb 22, 2023','Oct 24 2023',1,3),
  (361,'524122 2525878540','455','Mar 29, 2024','Apr 16 2023',1,3),
  (362,'554359 8144896681','113','Jun 15, 2024','May 24 2023',2,3),
  (363,'5174544149753333','509','Sep 3, 2024','Mar 15 2023',2,2),
  (364,'348649649978835','355','Jun 19, 2023','Aug 8 2023',1,2),
  (365,'4916769617152447','636','Nov 9, 2022','Feb 8 2023',1,1),
  (366,'527568 585299 6763','296','Dec 3, 2023','May 17 2023',2,2),
  (367,'453862 373678 6726','288','Jun 28, 2023','Mar 14 2024',2,2),
  (368,'492934 6445974154','134','Jan 21, 2023','Jul 5 2024',2,1),
  (369,'534677 652328 4419','887','Feb 4, 2024','Mar 31 2023',1,3),
  (370,'553568 6157158519','868','Nov 3, 2023','Sep 17 2023',2,2),
  (371,'3433 258119 46828','865','Jun 30, 2023','Jul 19 2023',1,3),
  (372,'448556 8282169590','496','Nov 25, 2022','Aug 27 2024',2,3),
  (373,'529522 7655566935','752','Oct 27, 2023','Apr 7 2023',1,2),
  (374,'5353 8532 9837 7452','441','Jun 30, 2024','Feb 13 2023',2,2),
  (375,'492 91617 63527 595','436','Sep 7, 2023','Aug 21 2023',2,3),
  (376,'3453 655416 86920','275','Aug 22, 2024','Sep 14 2024',2,1),
  (377,'453 97947 79474 469','715','Nov 24, 2023','Aug 4 2024',1,1),
  (378,'552 73474 72467 644','380','Oct 20, 2024','Jun 1 2024',2,2),
  (379,'344117889343999','486','Mar 5, 2024','Nov 1 2022',1,2),
  (380,'5593745678765712','864','Nov 16, 2022','Oct 28 2023',1,3),
  (381,'4485 733 22 2870','497','Dec 4, 2023','Sep 9 2024',1,2),
  (382,'377584259777835','212','Oct 13, 2023','Dec 15 2023',1,2),
  (383,'533 41456 26136 773','242','Dec 9, 2023','Oct 4 2023',1,2),
  (384,'4485436366768','432','Dec 23, 2023','Mar 14 2024',1,1),
  (385,'3444 427564 43726','315','Sep 19, 2024','Sep 12 2023',2,1),
  (386,'5487 1977 9336 8775','455','Jul 29, 2024','Feb 12 2024',1,1),
  (387,'518 23822 88441 745','185','May 24, 2023','Oct 4 2023',1,2),
  (388,'3771 433438 67191','989','Feb 18, 2024','Dec 25 2023',1,2),
  (389,'374982225934915','752','Sep 27, 2024','Sep 24 2024',2,2),
  (390,'492 96376 61626 464','606','Jan 19, 2024','May 25 2024',1,2),
  (391,'402400 717382 5257','986','Feb 22, 2023','Nov 25 2022',1,2),
  (392,'344358463298478','484','Jun 13, 2024','May 14 2024',1,3),
  (393,'3786 277752 43334','254','Dec 3, 2023','Oct 2 2024',2,3),
  (394,'4539478522437854','535','Jul 31, 2024','Sep 19 2024',2,2),
  (395,'4556 163 14 5268','719','Jul 19, 2023','Sep 17 2024',2,2),
  (396,'373383844514454','834','Feb 29, 2024','Feb 26 2023',2,2),
  (397,'3438 644577 67718','188','Oct 7, 2024','Aug 6 2024',1,2),
  (398,'513 68224 33882 944','317','Dec 26, 2023','Jul 5 2023',2,3),
  (399,'453 94746 94471 748','141','Nov 18, 2022','Feb 3 2024',2,2),
  (400,'4532 434 92 7792','249','Dec 29, 2023','Nov 21 2023',2,3),
  (401,'342721842667386','385','Dec 14, 2023','May 22 2023',2,2),
  (402,'534 37679 62415 773','847','Feb 19, 2023','Jun 10 2023',2,3),
  (403,'515836 2622114430','399','Jan 7, 2023','Aug 28 2023',2,2),
  (404,'379418878967212','508','Jun 12, 2024','Jan 29 2024',2,2),
  (405,'4716836545241','144','Nov 26, 2023','Aug 8 2023',2,2),
  (406,'538 52754 87155 584','147','Nov 21, 2023','Jul 17 2024',2,2),
  (407,'3417 654387 87364','184','Dec 19, 2022','Jul 15 2023',1,2),
  (408,'518295 428354 3764','799','Oct 8, 2024','Jan 28 2023',2,2),
  (409,'4485 1253 8344 5534','272','Aug 22, 2023','Feb 21 2023',1,1),
  (410,'5336 3531 6389 3651','369','Nov 28, 2023','Jun 21 2023',2,3),
  (411,'402 40071 38325 690','841','Jul 13, 2024','Nov 26 2023',2,1),
  (412,'402400 711663 3610','466','Oct 18, 2024','Jan 7 2023',1,2),
  (413,'373641756849337','651','Aug 28, 2023','Aug 18 2024',2,3),
  (414,'371578557967342','301','May 11, 2024','Aug 28 2024',1,2),
  (415,'5547855571636741','125','Dec 23, 2022','Aug 18 2023',2,1),
  (416,'3469 965242 23866','475','Nov 14, 2022','Jul 19 2024',2,2),
  (417,'4532 2426 2915 5554','398','Dec 11, 2023','Apr 30 2023',2,3),
  (418,'378418859334938','842','Jun 10, 2024','Apr 18 2024',1,2),
  (419,'4485985271666354','390','Oct 2, 2023','Jun 3 2024',1,2),
  (420,'422972 2746142641','578','Mar 9, 2023','Jan 4 2023',1,2),
  (421,'3453 963978 74575','661','Jan 3, 2023','Jan 24 2023',1,2),
  (422,'5567 3842 4176 8888','546','Jul 30, 2024','Apr 3 2023',1,2),
  (423,'559585 6586835436','163','Feb 6, 2024','Mar 5 2024',2,2),
  (424,'375667866712154','926','Aug 31, 2023','Jul 6 2023',1,1),
  (425,'343227895478860','442','Nov 29, 2022','Jul 12 2024',1,2),
  (426,'4539 4816 1528 7178','606','Oct 27, 2024','Jul 7 2024',1,1),
  (427,'4929 7482 4398 9856','489','May 26, 2023','Feb 21 2024',2,2),
  (428,'4716543579640','860','Dec 20, 2023','Sep 18 2024',1,2),
  (429,'468625 3812857835','933','Nov 12, 2022','Oct 9 2024',2,2),
  (430,'342371529768428','355','Sep 13, 2023','Oct 28 2024',1,3),
  (431,'4532 8363 4385 5983','214','Nov 7, 2022','Jan 21 2023',2,2),
  (432,'4929222844165','612','Aug 31, 2024','Aug 6 2024',2,1),
  (433,'4916692327318','340','May 30, 2024','Apr 14 2024',1,2),
  (434,'453243 731823 8741','135','Aug 25, 2024','Oct 3 2024',2,2),
  (435,'544982 8486263660','119','Apr 24, 2024','Nov 8 2023',1,3),
  (436,'453 22625 23333 271','258','Dec 19, 2023','Dec 6 2022',2,3),
  (437,'373638888551344','192','Apr 21, 2023','Mar 24 2023',1,3),
  (438,'5136521733658372','272','Dec 7, 2023','Jan 1 2023',2,1),
  (439,'378254568521493','318','Dec 30, 2023','Oct 15 2023',2,2),
  (440,'539664 893198 8668','954','Nov 8, 2023','Apr 10 2024',1,1),
  (441,'3795 161283 46366','393','Dec 8, 2023','Mar 12 2024',1,2),
  (442,'4539678459791732','282','Aug 30, 2024','Nov 16 2023',2,2),
  (443,'5353 9933 5964 8977','708','Aug 28, 2023','Nov 18 2022',1,2),
  (444,'3785 353613 63475','829','May 13, 2024','Aug 8 2024',2,2),
  (445,'513876 866472 3521','709','Jul 13, 2024','Nov 29 2023',2,2),
  (446,'492952 724364 3535','771','Apr 19, 2023','Sep 24 2023',2,2),
  (447,'3462 996517 51670','164','Mar 6, 2024','May 6 2024',1,2),
  (448,'3479 782224 25851','644','Jun 12, 2024','Sep 1 2024',2,2),
  (449,'453526 236437 9141','234','Oct 24, 2024','Sep 3 2024',2,2),
  (450,'377182637552788','717','Aug 20, 2024','Nov 7 2023',1,1),
  (451,'4485458423448','238','Nov 12, 2022','May 28 2024',1,3),
  (452,'3753 592676 54744','168','May 2, 2023','Nov 14 2022',1,2),
  (453,'431536 9787554535','715','Dec 3, 2022','Feb 27 2023',2,2),
  (454,'455 46886 74246 511','870','Dec 17, 2022','Feb 6 2024',1,2),
  (455,'402 40071 52271 556','273','Oct 29, 2024','Aug 22 2023',1,3),
  (456,'471 66542 23571 150','145','Sep 18, 2024','May 4 2024',2,1),
  (457,'5125684729832147','526','Jun 17, 2023','Jun 16 2023',1,3),
  (458,'5243791648845535','244','Dec 3, 2022','Jan 17 2024',2,2),
  (459,'3445 371479 45360','433','Jul 24, 2024','May 24 2024',2,1),
  (460,'4485 427 38 7666','926','Apr 18, 2023','Jan 2 2023',1,2),
  (461,'373647584271412','864','Jun 20, 2023','Sep 30 2024',2,2),
  (462,'344646375835118','285','Jan 8, 2024','Jun 28 2024',1,2),
  (463,'453983 777537 5261','253','Oct 25, 2023','Oct 8 2024',1,3),
  (464,'4532265827459','145','Apr 29, 2023','Aug 23 2024',1,1),
  (465,'373477365864841','204','Jun 6, 2023','Jun 30 2023',1,3),
  (466,'344267825977853','945','May 31, 2024','Aug 5 2024',2,2),
  (467,'346687387475525','243','Feb 9, 2024','Dec 20 2023',1,1),
  (468,'349444475134318','240','Dec 14, 2022','Aug 6 2023',2,1),
  (469,'455 69858 86755 760','493','Oct 9, 2023','Apr 25 2023',2,2),
  (470,'373863533146627','740','Jun 29, 2024','Jul 21 2024',2,2),
  (471,'554 51244 67358 445','252','Apr 3, 2024','Sep 20 2023',2,2),
  (472,'5456 6282 2445 6679','328','Dec 26, 2022','Feb 28 2023',2,1),
  (473,'4539 6444 4491 6545','916','May 27, 2024','Nov 5 2023',2,2),
  (474,'511456 7322254459','329','Dec 12, 2022','Apr 25 2023',2,2),
  (475,'3473 851433 76744','340','Jul 9, 2023','Jun 25 2024',1,2),
  (476,'455691 159711 8635','550','Jul 17, 2024','Apr 10 2024',2,1),
  (477,'526483 7826399854','331','Feb 22, 2024','Sep 23 2024',1,1),
  (478,'5585179178424317','428','Feb 7, 2024','Nov 11 2022',1,2),
  (479,'374441148887478','178','May 2, 2024','Nov 3 2022',1,1),
  (480,'4024 007 12 6416','728','Sep 13, 2024','Oct 13 2024',1,1),
  (481,'5346 4737 7987 5682','742','Nov 23, 2023','Feb 25 2023',1,3),
  (482,'3727 853597 94720','709','Nov 29, 2023','May 3 2023',1,2),
  (483,'514883 244523 8387','696','Feb 4, 2024','Jan 6 2023',2,3),
  (484,'534739 6578749668','859','May 24, 2024','Dec 13 2023',2,3),
  (485,'534173 335943 5131','897','Jan 2, 2024','Dec 19 2022',2,1),
  (486,'555665 7788166415','630','Jun 25, 2023','May 15 2024',2,3),
  (487,'5163 5843 3663 3768','304','Mar 15, 2024','Feb 4 2024',2,2),
  (488,'5594741129588158','247','Feb 10, 2024','Oct 21 2024',1,2),
  (489,'3796 448872 14474','730','Jul 17, 2023','Sep 3 2024',1,2),
  (490,'5522279241324365','689','Nov 10, 2022','Sep 17 2024',2,2),
  (491,'342673485373345','202','Oct 28, 2024','Jan 15 2024',1,3),
  (492,'448537 349648 3436','962','Jan 30, 2024','Jun 1 2024',1,3),
  (493,'5162232577795422','903','May 31, 2024','Jul 18 2023',1,3),
  (494,'4539186527332','173','Jul 18, 2023','Oct 31 2024',1,1),
  (495,'5169 9653 5354 4620','707','Apr 15, 2024','Sep 9 2024',2,3),
  (496,'5325 7147 8281 7582','843','Apr 3, 2023','Mar 3 2023',2,2),
  (497,'347575773859973','945','Feb 23, 2023','Aug 8 2024',1,3),
  (498,'512774 9836346188','653','Feb 24, 2024','Oct 28 2024',1,3),
  (499,'549579 853446 8574','944','May 31, 2023','Jan 11 2023',1,1),
(500,'471628 497722 9886','453','Feb 20, 2023','Jan 16 2023',2,2);

INSERT INTO `direccion` (`id`,`calle`,`ciudad`,`codigo_postal`,`pais`)
VALUES
  (1,'P.O. Box 257, 563 Non St.','Aurora','52751','South Africa'),
  (2,'Ap #526-5018 Neque. Street','Paraíso','4968','Ireland'),
  (3,'P.O. Box 746, 2792 Fermentum Av.','Cork','69566','Ukraine'),
  (4,'595-5044 Sed Road','Sète','407044','Brazil'),
  (5,'980-2201 Risus. Road','Pioneer','526545','Colombia'),
  (6,'3707 Pellentesque Av.','Aizwal','391734','India'),
  (7,'P.O. Box 182, 7421 Ante Av.','Quirihue','93434','Colombia'),
  (8,'429-6010 Mattis Rd.','Tromsø','67764','Turkey'),
  (9,'Ap #699-7941 Vehicula St.','Osasco','4678','Nigeria'),
  (10,'321-7472 Ac Road','Tongrinne','385523','Canada'),
  (11,'Ap #648-3044 Ut Rd.','Seletar','666027','Mexico'),
  (12,'Ap #617-194 Ornare, Road','North Shore','15287','Canada'),
  (13,'2374 Amet Ave','Inner Mongolia','63571-64557','Germany'),
  (14,'374-6151 Arcu. Rd.','Galway','4091','Germany'),
  (15,'3150 Egestas. Rd.','Roodepoort','722855','Belgium'),
  (16,'1068 Maecenas Street','Bischofshofen','49-756','Mexico'),
  (17,'955-2313 Cursus Street','Velden am Wörther See','73870','Pakistan'),
  (18,'245-551 Arcu. Avenue','Elbistan','929382','France'),
  (19,'P.O. Box 622, 6581 Eros. Street','Vienna','34758','Poland'),
  (20,'Ap #506-4245 Vivamus Avenue','Dublin','634181','Spain'),
  (21,'Ap #650-5130 Vestibulum St.','Ormoc','774170','Spain'),
  (22,'8369 Sit Ave','Almere','27471','United Kingdom'),
  (23,'P.O. Box 500, 5349 Luctus Rd.','Saint John','46855-75563','South Korea'),
  (24,'Ap #693-4702 Arcu. St.','Pekanbaru','7248','Ukraine'),
  (25,'771-3418 Nulla Road','Sungai Penuh','12591','Norway'),
  (26,'9540 Ridiculus Rd.','Gebze','29535','Peru'),
  (27,'674-8172 Nec Avenue','Asan','33817','Canada'),
  (28,'752-676 Montes, Avenue','Baulers','4138','Poland'),
  (29,'3728 Dapibus Street','Greymouth','65416','Costa Rica'),
  (30,'Ap #198-3848 Tristique Rd.','Cork','347517','Chile'),
  (31,'1262 Ligula. Road','Newmarket','17-42','Netherlands'),
  (32,'P.O. Box 120, 6523 Arcu. Ave','Lodine','4668','Austria'),
  (33,'Ap #120-5919 Erat St.','Putre','216144','Australia'),
  (34,'415-7936 Venenatis Rd.','Ghanche','152770','Brazil'),
  (35,'561-8420 Sit St.','Tidore','455199','United Kingdom'),
  (36,'667-4456 In Avenue','Culiacán','5408','United States'),
  (37,'707-9804 Amet, Av.','Smila','7833','Colombia'),
  (38,'Ap #294-4509 Dolor Rd.','Jelenia Góra','62227','Ireland'),
  (39,'731-420 Lorem, Ave','Villahermosa','668449','Belgium'),
  (40,'Ap #237-2580 Adipiscing Rd.','Kapiti','395421','South Korea'),
  (41,'8175 Augue. St.','Almelo','57423-72564','Russian Federation'),
  (42,'595-870 Curabitur St.','Ceuta','357458','Ireland'),
  (43,'258-3653 Ut Rd.','Wolfurt','59684','France'),
  (44,'881-7456 Sociis Street','Batangas City','50883','Netherlands'),
  (45,'P.O. Box 318, 908 Gravida Ave','St. Albert','T6J 8K3','Norway'),
  (46,'P.O. Box 889, 9385 Pellentesque Road','Harlech','5243','Spain'),
  (47,'Ap #736-143 Turpis. Street','El Salvador','21214','Ireland'),
  (48,'Ap #252-5515 Ornare Rd.','Paulatuk','2317-6433','Brazil'),
  (49,'208-848 Vulputate, St.','Ghotki','05282','Chile'),
  (50,'314-8412 Sit Rd.','Sandnessjøen','N0P 7G2','Spain'),
  (51,'Ap #625-7596 Eu Ave','Waitara','172873','South Africa'),
  (52,'P.O. Box 138, 2864 Accumsan Avenue','Jeju','41205','Ireland'),
  (53,'8908 Condimentum Street','Jiangsu','5834','Belgium'),
  (54,'Ap #450-4463 Praesent Road','Ludvika','02554','Turkey'),
  (55,'Ap #451-9287 Nulla St.','Märsta','9912','Vietnam'),
  (56,'508-5242 Tellus St.','Tengah','170476','Norway'),
  (57,'P.O. Box 104, 6249 Ultrices St.','Husum','59722','Canada'),
  (58,'476-4309 Velit Road','Katowice','7748','France'),
  (59,'4888 Nulla Av.','Potchefstroom','5519-0087','Mexico'),
  (60,'P.O. Box 746, 5067 Fringilla Road','Tibet','368844','Pakistan'),
  (61,'Ap #314-220 Eget Ave','Pacasmayo','45733','Pakistan'),
  (62,'2352 Convallis Rd.','Wedel','54178','Chile'),
  (63,'Ap #632-8403 Egestas St.','Lacombe County','59224','Canada'),
  (64,'Ap #914-7907 Tincidunt. Av.','Chalon-sur-Saône','3656','Poland'),
  (65,'3505 Ut, St.','Oroquieta','4887','Australia'),
  (66,'1063 Mi. Road','Ulundi','6346','Ireland'),
  (67,'797-3442 Massa Ave','Lugo','43470','Russian Federation'),
  (68,'581-697 Erat, Av.','Bukit Batok','3651','Sweden'),
  (69,'434-911 Sed St.','Imperatriz','174134','South Korea'),
  (70,'Ap #922-414 Lectus Road','Juliaca','25268','United States'),
  (71,'Ap #137-3848 Ante Road','Seydişehir','261242','Russian Federation'),
  (72,'P.O. Box 445, 6072 Mauris Street','Ollagüe','37434','Vietnam'),
  (73,'3047 Donec Av.','Thames','971538','Ireland'),
  (74,'848-1442 Quisque St.','Novosibirsk','23161','South Africa'),
  (75,'Ap #456-275 Nec Av.','Guangxi','574374','Sweden'),
  (76,'5028 Turpis Avenue','Edmundston','2849','South Africa'),
  (77,'9941 Dictum Ave','Paraíso','78260','Australia'),
  (78,'Ap #889-9888 In St.','Baddeck','5083','United Kingdom'),
  (79,'P.O. Box 926, 1967 Ullamcorper Rd.','Opole','95686','Norway'),
  (80,'731-7444 Amet Avenue','Wilmington','33472','Pakistan'),
  (81,'7218 Consectetuer Ave','Los Lagos','896219','Philippines'),
  (82,'800-2240 Nulla Av.','Cajamarca','58671','Netherlands'),
  (83,'P.O. Box 654, 7562 Consequat, Street','Kropyvnytskyi','8107','United Kingdom'),
  (84,'P.O. Box 177, 6318 Aptent Road','Belfast','358480','South Korea'),
  (85,'4034 Aliquam Av.','Hubei','49635','Ireland'),
  (86,'Ap #725-8933 Et Ave','Brechin','1408-6845','Pakistan'),
  (87,'Ap #583-7341 Egestas. Avenue','Leonding','445334','Germany'),
  (88,'2801 Lorem, Ave','Arbroath','48961','United Kingdom'),
  (89,'469-8990 Eu Ave','Hebei','01593','Indonesia'),
  (90,'184-7069 Imperdiet St.','Edmonton','1330','France'),
  (91,'254-6870 Amet, Road','Cartagena','14574','South Korea'),
  (92,'191-1968 Ornare, Av.','Hervey Bay','686908','Nigeria'),
  (93,'Ap #770-6249 Nec Rd.','Borlänge','287288','France'),
  (94,'983-9890 Lacinia. Road','Ancaster Town','46337','Nigeria'),
  (95,'P.O. Box 427, 2965 Ut Road','Baden','724229','Peru'),
  (96,'Ap #532-5525 Ipsum St.','Motala','81193','Austria'),
  (97,'P.O. Box 554, 1793 Metus Road','Borlänge','219245','Norway'),
  (98,'Ap #328-6561 Vitae, Road','Porsgrunn','785597','Brazil'),
  (99,'9556 Aliquam Road','Montluçon','262548','South Korea'),
  (100,'Ap #642-1010 Ipsum St.','Nushki','36-633','New Zealand'),
  (101,'295-5221 Fames Avenue','Limón (Puerto Limón]','33778','Peru'),
  (102,'493-9172 Risus, Av.','Culemborg','89114-363','Canada'),
  (103,'Ap #520-1657 Molestie Rd.','Columbia','88445','Peru'),
  (104,'478-3947 Viverra. Street','Dieppe','94172','New Zealand'),
  (105,'3745 Fusce Rd.','Allein','422672','Indonesia'),
  (106,'4941 Parturient Avenue','Yogyakarta','4785 TD','United Kingdom'),
  (107,'Ap #134-2919 Arcu Ave','Brandenburg','14264','Canada'),
  (108,'6758 Nibh Rd.','Kalgoorlie-Boulder','45-641','Pakistan'),
  (109,'165-5285 Nascetur St.','Londrina','291937','Singapore'),
  (110,'Ap #335-6452 Donec Street','Viranşehir','9795','Ireland'),
  (111,'845-3783 Eget Rd.','Bedok','104679','United States'),
  (112,'Ap #930-767 At, Av.','Melville','322979','Austria'),
  (113,'544-8069 Justo Rd.','Paillaco','2437-4171','Austria'),
  (114,'Ap #343-7027 Sit Av.','Duitama','5421-0047','Ukraine'),
  (115,'Ap #209-6356 Sodales Street','Arequipa','4844-3008','Ireland'),
  (116,'Ap #774-6545 Donec Rd.','Stalowa Wola','762854','Singapore'),
  (117,'1951 Curabitur Av.','Kupang','34648','Mexico'),
  (118,'827-8047 Mattis Avenue','Cork','660483','South Korea'),
  (119,'4996 Ac, Rd.','Jedburgh','64553','Vietnam'),
  (120,'835-4931 Magna. Street','Zaragoza','210832','Nigeria'),
  (121,'Ap #611-1521 Diam St.','Deurne','45-23','Ireland'),
  (122,'Ap #259-7960 Nam St.','Grand-RosiŽre-Hottomont','9382-0722','Ukraine'),
  (123,'P.O. Box 306, 6498 Pede Ave','Finspång','21924','Vietnam'),
  (124,'4447 Urna. Street','Tebing Tinggi','156408','Pakistan'),
  (125,'3962 Iaculis Road','Tver','30443','France'),
  (126,'Ap #959-3533 Tincidunt Rd.','Temuka','2861','Austria'),
  (127,'298 Turpis. St.','Pangkalpinang','7875','Netherlands'),
  (128,'Ap #520-9034 Dolor Road','Denpasar','363578','Chile'),
  (129,'Ap #276-3806 Dui. Avenue','Thames','J6P 3P2','New Zealand'),
  (130,'2650 Dignissim Ave','Aydın','9761','China'),
  (131,'Ap #623-1112 Amet Rd.','Pınarbaşı','247090','Mexico'),
  (132,'Ap #651-4469 Eu Avenue','Saalfelden am Steinernen Meer','69028','Costa Rica'),
  (133,'123-1929 Fringilla Ave','Mitú','14-566','France'),
  (134,'373-9120 Penatibus Rd.','Karacabey','8118','South Korea'),
  (135,'168-2071 Scelerisque St.','Rendsburg','32-158','Costa Rica'),
  (136,'Ap #859-4617 Nibh Street','San Pedro','6264','Turkey'),
  (137,'664-544 Vehicula St.','Galway','438531','Russian Federation'),
  (138,'P.O. Box 293, 1135 Montes, Av.','Biên Hòa','154222','United States'),
  (139,'P.O. Box 799, 2591 Laoreet Ave','Agartala','379498','United Kingdom'),
  (140,'4296 Ridiculus Road','Oamaru','54478','Austria'),
  (141,'Ap #386-7651 Leo. Av.','Gore','7604-4212','France'),
  (142,'P.O. Box 422, 7155 Pretium Avenue','Van','587915','Indonesia'),
  (143,'Ap #670-1290 Adipiscing Street','Chepén','3601','Ireland'),
  (144,'4125 Adipiscing Road','Kirriemuir','685356','Nigeria'),
  (145,'9146 Fermentum St.','South Jakarta','7731','China'),
  (146,'P.O. Box 770, 1453 Vitae St.','Whitehorse','1853 KF','Chile'),
  (147,'866-9320 Luctus Avenue','Dole','54918','Costa Rica'),
  (148,'355-1129 Vulputate Rd.','Birecik','18156','Turkey'),
  (149,'583-7933 Ornare St.','Ikot Ekpene','79-393','Turkey'),
  (150,'8646 Tristique St.','Newcastle','85010','Colombia'),
  (151,'P.O. Box 664, 9443 Nullam Street','Skovorodino','538114','Turkey'),
  (152,'P.O. Box 196, 5976 Per Rd.','Viranşehir','20618','India'),
  (153,'Ap #841-4125 Phasellus St.','Pont-Saint-Martin','188140','Pakistan'),
  (154,'870-837 Vel Street','Herdersem','83761','Spain'),
  (155,'Ap #380-3722 Massa. St.','Galway','139784','Russian Federation'),
  (156,'P.O. Box 345, 9220 Tellus Street','Melilla','71860','Ireland'),
  (157,'Ap #495-5770 Nonummy Street','Lozova','0388','Belgium'),
  (158,'7917 In, St.','Vilcún','4856','China'),
  (159,'Ap #119-3228 Turpis Street','Cáceres','5966','Turkey'),
  (160,'178-248 Elit. St.','Dublin','415662','Singapore'),
  (161,'7844 Erat Road','San Rafael','7465','New Zealand'),
  (162,'9215 Fringilla Rd.','Việt Trì','47831-91023','Brazil'),
  (163,'2352 Bibendum St.','Bandar Lampung','6516 EA','Spain'),
  (164,'P.O. Box 230, 5749 Tristique Avenue','Kremenchuk','78-475','Peru'),
  (165,'P.O. Box 895, 5132 Ac, Rd.','Viranşehir','5656','Russian Federation'),
  (166,'Ap #778-2399 Duis Av.','Khyber Agency','5175','Canada'),
  (167,'3745 Cursus Ave','Daman','277573','Norway'),
  (168,'P.O. Box 947, 7512 Lorem, Ave','Bozeman','47533','Belgium'),
  (169,'893-3968 Euismod St.','Seraing','59227','Sweden'),
  (170,'P.O. Box 768, 7620 Et Rd.','Dole','7527','Italy'),
  (171,'733-6647 Posuere Rd.','Alva','274508','Costa Rica'),
  (172,'Ap #677-4453 Iaculis St.','Sembawang','LN91 4VG','Ukraine'),
  (173,'295-2169 Magna Av.','Mitú','64581','Germany'),
  (174,'P.O. Box 869, 4534 Magnis Ave','Hulst','8918-8819','Canada'),
  (175,'Ap #763-3801 Lectus Av.','Llangefni','576821','Nigeria'),
  (176,'9982 Nec Ave','Mala','47-19','Austria'),
  (177,'506-1510 Elementum, Road','Tuxtla Gutiérrez','151496','Indonesia'),
  (178,'783-9355 Vestibulum. St.','Ningxia','17561','Brazil'),
  (179,'348-7878 Morbi St.','Siquirres','7485','Canada'),
  (180,'1067 At St.','Campbelltown','71818','Spain'),
  (181,'Ap #704-5834 Dolor, Road','Fratta Todina','42644','Pakistan'),
  (182,'P.O. Box 977, 5043 Vestibulum St.','Pievepelago','24433','Mexico'),
  (183,'Ap #833-4084 Vehicula. Rd.','Port Augusta','33680','Singapore'),
  (184,'996 Purus Avenue','Waitakere','37418','Indonesia'),
  (185,'910-9028 Metus. Ave','Verrès','88-23','Singapore'),
  (186,'513-8965 Neque. Road','Pietermaritzburg','3402','Colombia'),
  (187,'207-9807 Massa. St.','Biloxi','24863','Spain'),
  (188,'Ap #228-245 Semper Street','Banda Aceh','41165','United Kingdom'),
  (189,'643-6001 Tellus Street','Canterano','34307','China'),
  (190,'Ap #131-8113 Laoreet Street','Arviat','30602','China'),
  (191,'937-2829 Placerat Road','Cochrane','34745','India'),
  (192,'P.O. Box 202, 4241 Hymenaeos. Ave','Tanjung Pinang','25214','Sweden'),
  (193,'Ap #631-6757 Tristique Rd.','Orkanger','6813','Singapore'),
  (194,'5025 Magna Ave','Bedok','25145','Vietnam'),
  (195,'973-4943 Sagittis. Street','Garzón','XR70 3BY','India'),
  (196,'P.O. Box 854, 9298 Ac Avenue','Cajamarca','7910','Nigeria'),
  (197,'341-2364 Venenatis Ave','Bridgnorth','287583','Colombia'),
  (198,'5710 Porttitor Ave','Ełk','3345','Turkey'),
  (199,'130-1065 Tempus, St.','Fort McPherson','2381','Mexico'),
  (200,'P.O. Box 645, 2736 Eros. Road','Kinh Môn','25451','South Korea'),
  (201,'Ap #983-9516 Egestas Rd.','Marikina','63W 6M1','Germany'),
  (202,'P.O. Box 853, 3949 Phasellus St.','Arendal','51968','Austria'),
  (203,'Ap #133-3982 Felis Road','Utrecht','8658','United States'),
  (204,'Ap #796-4313 Convallis, Street','Port Augusta','J8H 7E4','Vietnam'),
  (205,'687-3500 Odio. Road','Launceston','00912','Nigeria'),
  (206,'Ap #686-6665 Tincidunt. Ave','Nicoya','418478','New Zealand'),
  (207,'Ap #872-4447 Lorem Ave','Bollnäs','43231-754','Costa Rica'),
  (208,'Ap #484-9555 Lacinia Avenue','Dehradun','927959','Germany'),
  (209,'P.O. Box 567, 2690 Dis St.','San Nicolás de los Garza','R3G 8K5','Norway'),
  (210,'621-8852 Justo Rd.','Leerbeek','27288','Ireland'),
  (211,'281-770 A, Street','Karacabey','1998','Chile'),
  (212,'544-5924 In Avenue','Iksan','7327 SA','Peru'),
  (213,'889-1986 Odio Road','Henan','214877','Sweden'),
  (214,'P.O. Box 400, 5923 Velit. Street','Salt Lake City','84-86','Pakistan'),
  (215,'8808 Pede Rd.','Watson Lake','364188','United States'),
  (216,'Ap #107-2421 Neque St.','Hamme','7839','Netherlands'),
  (217,'462-9043 Senectus Av.','Hervey Bay','22052-68573','Chile'),
  (218,'Ap #755-876 Et St.','Vieste','38591','Ireland'),
  (219,'P.O. Box 844, 4575 Eros Ave','Kharmang','26427-71657','Indonesia'),
  (220,'724-3149 Cursus St.','Sibolga','447465','India'),
  (221,'Ap #975-7016 Curabitur St.','Kherson','801102','France'),
  (222,'176-283 Imperdiet Av.','Musakhel','5923','Poland'),
  (223,'6771 Senectus Road','Tando Allahyar','24682','Peru'),
  (224,'Ap #384-2757 Quis Avenue','Tomohon','7229','New Zealand'),
  (225,'Ap #518-1514 Quisque Av.','Borås','1030','Vietnam'),
  (226,'Ap #371-1852 Donec Avenue','Cisnes','18241','Ukraine'),
  (227,'952-8323 At Ave','Meißen','72235','South Africa'),
  (228,'3436 Fermentum Av.','Tuy Hòa','4525','Colombia'),
  (229,'Ap #851-8683 Vel Road','Paya Lebar','12883','Germany'),
  (230,'P.O. Box 387, 7302 Ligula Street','Jönköping','5616','Ireland'),
  (231,'921-6193 Urna. Ave','Lillehammer','02832','Peru'),
  (232,'922-4032 Non Rd.','Davenport','2373','Philippines'),
  (233,'700-1496 Vestibulum Avenue','Skardu','2532','Brazil'),
  (234,'Ap #773-7322 Aliquam St.','Townsville','PU8 8RE','Canada'),
  (235,'P.O. Box 112, 2868 Nisi. Ave','Cappelle sul Tavo','74840-88778','Canada'),
  (236,'4625 Eu Av.','Körfez','R22 5FX','Netherlands'),
  (237,'Ap #868-8648 Lacinia Rd.','Trazegnies','64235','Chile'),
  (238,'P.O. Box 378, 2339 Eu, St.','Newcastle','3023','Peru'),
  (239,'789-1171 Felis, Avenue','Nijmegen','538724','Australia'),
  (240,'773-1627 Morbi Rd.','Soledad de Graciano Sánchez','633693','United States'),
  (241,'858-3636 Vitae, St.','Lozova','515483','Spain'),
  (242,'Ap #848-9408 Ipsum Ave','Münster','36225','Germany'),
  (243,'Ap #467-6955 Eget, Rd.','Des Moines','69952','Australia'),
  (244,'3076 Augue Street','Bihar Sharif','41107','Australia'),
  (245,'Ap #182-1007 Interdum Road','Paradise','9538','Canada'),
  (246,'Ap #176-2577 Commodo Avenue','Didim','179142','South Korea'),
  (247,'P.O. Box 804, 4702 Quis Road','Harlingen','33729','Indonesia'),
  (248,'583-6339 Vel Av.','Phủ Lý','88143','France'),
  (249,'9567 Lectus, St.','Iquitos','08988','Philippines'),
  (250,'313-295 Integer Rd.','Zaria','7813','India'),
  (251,'P.O. Box 761, 3457 Varius. Road','Konin','25251','Germany'),
  (252,'Ap #708-9390 Scelerisque St.','Poltava','6707','Turkey'),
  (253,'Ap #343-847 Quam St.','Calama','834043','Vietnam'),
  (254,'256-2880 Rutrum. Rd.','Tejar','87605','Philippines'),
  (255,'5845 Id, St.','Murmansk','43152','Pakistan'),
  (256,'764-9863 Vestibulum St.','Uyo','1360 FH','United States'),
  (257,'P.O. Box 792, 3813 At, St.','Canberra','76762-911','Philippines'),
  (258,'113-9909 Ridiculus Rd.','Saalfelden am Steinernen Meer','19613','South Korea'),
  (259,'953-735 Arcu. Road','Hubei','328746','France'),
  (260,'220-8453 Volutpat. St.','Blenheim','927493','Russian Federation'),
  (261,'P.O. Box 339, 2793 Euismod Av.','Campina Grande','Y9 7TE','Italy'),
  (262,'Ap #795-2637 Quisque Rd.','Bais','11426','Peru'),
  (263,'Ap #954-2987 Ac, Street','Vienna','S7M 8B7','France'),
  (264,'471-3004 Adipiscing Rd.','Makati','24914','Brazil'),
  (265,'Ap #977-1362 Egestas. Road','Đà Nẵng','S3N 0J5','France'),
  (266,'Ap #744-4453 Libero. St.','Liernu','23866','Turkey'),
  (267,'Ap #205-4938 Ante. Rd.','Toronto','75-912','Germany'),
  (268,'P.O. Box 364, 9765 Enim Street','Patos','86667','Pakistan'),
  (269,'212-2156 Interdum. Rd.','Liaoning','96268','South Africa'),
  (270,'Ap #291-6527 Nullam St.','Perquenco','1424','Norway'),
  (271,'Ap #655-5577 Dictum Rd.','Gunsan','47445','Brazil'),
  (272,'437-4734 Diam. Street','Belfast','50708','United Kingdom'),
  (273,'3256 Cubilia St.','Ambon','36402','Ireland'),
  (274,'Ap #205-5714 Dolor Rd.','Zielona Góra','52497-58851','Spain'),
  (275,'P.O. Box 135, 5129 Nunc Avenue','Gijón','8740','Peru'),
  (276,'887-8798 Tincidunt Ave','Puerto López','41-65','France'),
  (277,'Ap #132-7931 Nunc Rd.','Iksan','U3L 7R3','Belgium'),
  (278,'Ap #974-673 Lobortis Road','Kitsman','75620','Pakistan'),
  (279,'Ap #370-7148 Ipsum St.','Bukit Panjang','9648 YT','Norway'),
  (280,'Ap #667-6315 At Rd.','Tournefeuille','63-350','Poland'),
  (281,'6081 Dui. Road','Tierralta','9117','South Africa'),
  (282,'Ap #514-4770 Ipsum. St.','Gboko','1450','New Zealand'),
  (283,'387-6517 Erat Av.','Ceuta','78582','Brazil'),
  (284,'934 Ut, Street','Vallenar','28-203','Australia'),
  (285,'2854 Tempus, St.','Dunedin','70-087','Ireland'),
  (286,'759-261 Felis Av.','Beijing','238406','India'),
  (287,'7525 Mus. Rd.','Baardegem','8219 GD','Chile'),
  (288,'Ap #452-8205 Eu St.','Rustenburg','A7R 6Z1','Ireland'),
  (289,'Ap #676-994 Nonummy Rd.','Sơn La','2666','Vietnam'),
  (290,'Ap #298-9557 Etiam Rd.','Jambi','23243','Turkey'),
  (291,'Ap #110-9362 Dis St.','Juazeiro','8867','Belgium'),
  (292,'P.O. Box 200, 3416 Ipsum. Rd.','Bruck an der Mur','1272','Australia'),
  (293,'Ap #645-7003 Lorem St.','San Pedro','413203','Germany'),
  (294,'Ap #535-3963 Nullam Street','Puerto Guzmán','718377','United States'),
  (295,'Ap #370-3342 Elit. Ave','Barranca','1867','Canada'),
  (296,'P.O. Box 354, 4430 Tristique Street','Aguazul','24668-28982','South Africa'),
  (297,'Ap #552-4410 Quis St.','Topeka','333881','Ireland'),
  (298,'6200 Neque Ave','Ghizer','802868','Netherlands'),
  (299,'716-6374 Sed Ave','Söke','84814','Mexico'),
  (300,'Ap #200-8779 Sollicitudin Av.','Talgarth','Y0S 2S3','Singapore'),
  (301,'Ap #823-5875 Blandit Road','Steyr','236171','Brazil'),
  (302,'Ap #442-4160 Tempor St.','Bima','64583','Pakistan'),
  (303,'732-1837 Vivamus Av.','Barranca','74190','Norway'),
  (304,'1418 Purus Ave','Cà Mau','96574','Italy'),
  (305,'Ap #420-5038 Metus. Rd.','Alingsås','92276-415','Nigeria'),
  (306,'232-1410 Non, Rd.','Águas Lindas de Goiás','28471','Australia'),
  (307,'Ap #132-8019 Faucibus Ave','Limoges','3383-9510','South Africa'),
  (308,'343-6079 Fermentum Av.','Rekem','2739','Russian Federation'),
  (309,'973-7621 Nibh. Ave','Kurgan','77-75','Singapore'),
  (310,'Ap #620-6435 Eu Ave','Tambov','43535','Indonesia'),
  (311,'Ap #357-9804 Quis, St.','Awka','m6A 1W8','Russian Federation'),
  (312,'2131 Ridiculus Street','Mauá','3777-3373','Brazil'),
  (313,'2659 Vulputate, Av.','Southaven','6651','Canada'),
  (314,'858 Urna. Road','Piła','14658','Netherlands'),
  (315,'Ap #887-3749 Eleifend Street','Olmen','0201 UB','Germany'),
  (316,'9742 Nullam St.','Schifferstadt','M6X 2N4','China'),
  (317,'4802 Morbi St.','Chartres','237252','France'),
  (318,'1069 Elit, St.','Pak Pattan','73430','Brazil'),
  (319,'Ap #272-1955 Elit. St.','Rustenburg','5532','Italy'),
  (320,'Ap #128-4176 Nullam St.','Tullibody','30003','Canada'),
  (321,'206-1009 Suspendisse Rd.','Dubbo','85483','United States'),
  (322,'P.O. Box 438, 3559 Rhoncus. Avenue','Arica','49024','France'),
  (323,'Ap #586-8317 Elit. St.','Guadalupe','20419','Ireland'),
  (324,'1166 Curabitur Ave','Berlin','66-666','Russian Federation'),
  (325,'256-5876 Id, Av.','Izium','48406-49572','China'),
  (326,'Ap #301-2819 Cras St.','Smolensk','05-650','Germany'),
  (327,'Ap #468-8760 Proin St.','Camaçari','401897','Vietnam'),
  (328,'699-5901 A Rd.','Gongju','07824','Spain'),
  (329,'Ap #915-3717 Commodo Street','Mielec','385182','Russian Federation'),
  (330,'P.O. Box 808, 9754 Imperdiet St.','Inner Mongolia','764376','Netherlands'),
  (331,'Ap #170-5977 Non Road','Iksan','866395','Russian Federation'),
  (332,'Ap #602-6332 Suscipit, Rd.','Borås','683865','United States'),
  (333,'8485 Erat. Avenue','Puerto Carreño','A3Y 1P0','Pakistan'),
  (334,'324-3717 Facilisi. Rd.','Lutsk','72730','United Kingdom'),
  (335,'6897 Facilisis, Avenue','Yogyakarta','7026','Ukraine'),
  (336,'P.O. Box 105, 4565 Nisi St.','Chalon-sur-Saône','964754','Peru'),
  (337,'Ap #482-5862 Ultrices Rd.','Pemberton','328979','Turkey'),
  (338,'P.O. Box 755, 7734 Vitae Avenue','Victor Harbor','K4G 5L7','United Kingdom'),
  (339,'Ap #413-5418 Id, Street','Mati','47776','Costa Rica'),
  (340,'720-6085 Magna. Road','Dillingen','8640 PV','Costa Rica'),
  (341,'965-6339 Nec Av.','Lugo','44836-772','Singapore'),
  (342,'Ap #898-3026 Lacus, Rd.','Wellington','S5G 7G4','New Zealand'),
  (343,'Ap #547-8629 Consequat Rd.','Bydgoszcz','742232','Indonesia'),
  (344,'131-5604 Semper Ave','Korba','33318-55388','South Africa'),
  (345,'P.O. Box 488, 2344 Mi. Ave','Pioneer','H0J 2Y9','Pakistan'),
  (346,'Ap #108-286 Quisque Rd.','Saint-Sébastien-sur-Loire','25411','Italy'),
  (347,'Ap #592-3580 Elit, Rd.','Hồ Chí Minh City','8412','New Zealand'),
  (348,'156-7277 Laoreet, St.','Bremerhaven','588273','Chile'),
  (349,'4075 Semper. St.','Kech','778337','Netherlands'),
  (350,'P.O. Box 948, 9210 Nisl Road','Kryvyi Rih','85622-811','South Korea'),
  (351,'Ap #272-2147 Mollis Av.','Vallentuna','111247','South Africa'),
  (352,'8219 Sed Ave','Berlin','24115','India'),
  (353,'Ap #524-4512 Quis Avenue','Tiền Hải','21805','Poland'),
  (354,'1874 Donec Rd.','Daejeon','62654','Chile'),
  (355,'P.O. Box 177, 9389 Montes, Av.','Oleksandriia','44-758','South Africa'),
  (356,'939-9770 Vel Avenue','Serang','45-14','Norway'),
  (357,'P.O. Box 109, 6171 Donec Rd.','San Diego','O3 5ZN','Austria'),
  (358,'Ap #737-4044 Nec St.','Zamora de Hidalgo','4303 IE','Nigeria'),
  (359,'2060 Ipsum. St.','Irkutsk','7168','Belgium'),
  (360,'9248 Sed, Street','Klerksdorp','13334','Nigeria'),
  (361,'Ap #897-2625 Turpis Street','Nijkerk','16570','Poland'),
  (362,'P.O. Box 674, 3270 Montes, Av.','Kamarhati','08383','Brazil'),
  (363,'997-5688 Enim. St.','Tarlac City','50217','Peru'),
  (364,'766 Dolor. Rd.','Panquehue','E4V 3B8','Netherlands'),
  (365,'211-1893 Lacus. St.','Dole','82749','Peru'),
  (366,'119-2369 Vel, Av.','Mérida','5185','Netherlands'),
  (367,'587-5874 Et, Rd.','Mosjøen','78767','New Zealand'),
  (368,'P.O. Box 868, 869 Vestibulum St.','Köflach','53101','Brazil'),
  (369,'381-9964 Duis St.','Gansu','88921','France'),
  (370,'P.O. Box 716, 5904 Convallis Rd.','Tula','5186','Australia'),
  (371,'503-6082 Lobortis Rd.','Camarones','11902','South Africa'),
  (372,'Ap #254-6093 Pede Av.','Ang Mo Kio','34024','Canada'),
  (373,'9176 Non Rd.','Chungju','137826','Brazil'),
  (374,'6624 Ipsum Street','Ceuta','573623','Philippines'),
  (375,'P.O. Box 235, 9706 Mauris, St.','Bremen','562373','Australia'),
  (376,'Ap #282-536 Tempor Av.','Solihull','18435','Italy'),
  (377,'Ap #829-5088 Augue St.','Faisalabad','6156 CE','Peru'),
  (378,'156-2244 Nulla Road','Serang','317169','Austria'),
  (379,'P.O. Box 553, 3346 Dictum Ave','Badajoz','47-347','Turkey'),
  (380,'301-6719 Neque Av.','Laoag','5217-7392','United Kingdom'),
  (381,'1954 Eleifend. Ave','Saint-Malo','4824','Mexico'),
  (382,'Ap #862-2288 Sed Ave','Woodlands','45143','New Zealand'),
  (383,'896-3399 Vulputate, Ave','Gaziantep','86329','Poland'),
  (384,'3787 Aliquam Avenue','Borlänge','10217','New Zealand'),
  (385,'2160 Parturient Ave','Istanbul','25677','Turkey'),
  (386,'606-2857 Sagittis. Avenue','Kroonstad','93716','Canada'),
  (387,'436-4008 Elit, Ave','Tuxtla Gutiérrez','783148','Colombia'),
  (388,'Ap #368-3657 Libero. Rd.','Belfast','5326 YS','Poland'),
  (389,'Ap #578-8870 Mauris, Ave','Waitakere','87346','Indonesia'),
  (390,'Ap #294-7908 Est, Av.','Mount Isa','30195','Costa Rica'),
  (391,'8680 Fringilla. Ave','Upplands Väsby','I1 6TB','Ireland'),
  (392,'Ap #897-3382 Et Street','Annapolis County','04850-50722','Ukraine'),
  (393,'Ap #857-5624 In, St.','Aparecida de Goiânia','76-255','Brazil'),
  (394,'Ap #969-4656 Aliquam Road','Volgograd','718503','Chile'),
  (395,'P.O. Box 925, 2108 Velit St.','Arequipa','97-72','Sweden'),
  (396,'154-6470 Nulla Road','Cork','828341','China'),
  (397,'7207 Egestas Rd.','Nelson','3952972','Indonesia'),
  (398,'P.O. Box 704, 8642 Erat Av.','Mokpo','5145','Pakistan'),
  (399,'P.O. Box 273, 158 Nibh. Rd.','Jeongeup','7795 PS','Colombia'),
  (400,'Ap #606-1331 Egestas, Ave','Terme','B1L 2V1','United States'),
  (401,'Ap #283-813 Ornare Rd.','Yorkton','38502','Poland'),
  (402,'P.O. Box 764, 4942 Dolor Ave','Tagum','73252','Italy'),
  (403,'889-1039 Faucibus. Rd.','Palmerston','188790','Ireland'),
  (404,'1416 A, St.','Kraków','251227','Poland'),
  (405,'1297 Lectus Avenue','Cork','T0X 5M8','Belgium'),
  (406,'794-4889 Aliquet Street','Lakki Marwat','9461','United Kingdom'),
  (407,'Ap #598-3672 Proin Rd.','Turgutlu','2112','Ireland'),
  (408,'P.O. Box 284, 3764 Libero Rd.','Jurong East','FF96 3PQ','United Kingdom'),
  (409,'Ap #413-7154 Iaculis Street','Lonquimay','73-457','Peru'),
  (410,'Ap #464-3020 Eu St.','Ibagué','78-37','Pakistan'),
  (411,'P.O. Box 189, 2475 Faucibus Av.','Belfast','58434','Netherlands'),
  (412,'4469 Libero. St.','Almere','300926','France'),
  (413,'148-103 Dolor. St.','Oslo','317439','Ireland'),
  (414,'P.O. Box 757, 9921 Auctor Rd.','Dublin','41-15','United Kingdom'),
  (415,'612-419 Dui Rd.','Gijzegem','75485','Austria'),
  (416,'3572 Quisque St.','Shostka','39B 5B4','Norway'),
  (417,'P.O. Box 436, 8008 Ac, Rd.','Kurgan','1144','Pakistan'),
  (418,'6585 Varius. Road','Gorontalo','995732','South Korea'),
  (419,'2632 Donec St.','Ambon','12307','Costa Rica'),
  (420,'585-8447 Proin Rd.','Birecik','62-22','Brazil'),
  (421,'P.O. Box 768, 9120 At Rd.','Yeongju','73724','New Zealand'),
  (422,'P.O. Box 695, 825 Bibendum St.','Logroño','91889','Russian Federation'),
  (423,'P.O. Box 448, 7813 Non, Avenue','Jeongeup','525438','South Korea'),
  (424,'912-9805 Volutpat Avenue','Oleksandriia','8450','New Zealand'),
  (425,'P.O. Box 687, 1399 Curabitur St.','Piura','2398','Belgium'),
  (426,'Ap #356-6635 Vitae St.','Hougang','23101','Chile'),
  (427,'129 Eu Street','Sonnino','5456','Colombia'),
  (428,'503-3285 Duis Av.','Chiclayo','13445','Mexico'),
  (429,'970-8179 Egestas. Road','Dole','15156','Netherlands'),
  (430,'794-5447 Augue St.','Darwin','7245','South Africa'),
  (431,'2468 Mauris Street','Canberra','63026','Norway'),
  (432,'P.O. Box 660, 2647 Eros Street','Mulhouse','61770','Italy'),
  (433,'P.O. Box 963, 6727 Aliquam Rd.','Carmen','568067','United States'),
  (434,'P.O. Box 718, 3859 Sit St.','Voronezh','50111','Netherlands'),
  (435,'334-9782 Posuere, Street','Huế','27326','Australia'),
  (436,'8410 Pellentesque Street','Kimberley','11410','Belgium'),
  (437,'P.O. Box 964, 1819 Vivamus Rd.','Melilla','S6R 4L7','Belgium'),
  (438,'Ap #219-400 Sit Road','Chervonohrad','7267','Sweden'),
  (439,'100-6108 Risus. Rd.','Panjim','44676','Mexico'),
  (440,'261-7912 Lacus. St.','Wiener Neustadt','2516','Nigeria'),
  (441,'P.O. Box 158, 9651 Sapien. Rd.','Qinghai','S43 7PV','Brazil'),
  (442,'3214 Arcu. Avenue','Barrhead','8905','Philippines'),
  (443,'Ap #246-6515 In Road','Kędzierzyn-Koźle','555859','Nigeria'),
  (444,'Ap #193-6060 In Rd.','Konin','3924 BS','United States'),
  (445,'569-2363 Sapien. Avenue','Kyiv','5133','Philippines'),
  (446,'Ap #152-6153 Faucibus. Avenue','Novo Hamburgo','7829','Pakistan'),
  (447,'Ap #871-9975 Quisque Street','Hudiksvall','36434','South Africa'),
  (448,'488-3105 Quis, St.','Ciénaga','56346','Philippines'),
  (449,'7467 Ligula St.','Joliet','85444','United Kingdom'),
  (450,'Ap #591-5380 Vulputate Avenue','Leganés','83302','Spain'),
  (451,'Ap #141-2966 Eu St.','Denbigh','348435','Costa Rica'),
  (452,'346-5326 In Rd.','Laurencekirk','34838','Brazil'),
  (453,'Ap #572-200 Feugiat Ave','Ahrensburg','62064','Netherlands'),
  (454,'P.O. Box 580, 8153 Leo. Av.','Bedok','64-56','Brazil'),
  (455,'Ap #868-957 Facilisis, Ave','Zwolle','02070','Peru'),
  (456,'Ap #193-9162 Montes, Avenue','Arica','28444','Mexico'),
  (457,'P.O. Box 228, 6151 Ac Rd.','Zamboanga City','905256','Spain'),
  (458,'570-7517 Ac Av.','Sankt Johann im Pongau','62253-447','India'),
  (459,'P.O. Box 871, 2815 Sapien Ave','Tamines','36746','Italy'),
  (460,'Ap #564-4887 Vivamus Avenue','Sichuan','84289','Austria'),
  (461,'Ap #379-6179 Luctus Road','Barranca','13188','Costa Rica'),
  (462,'P.O. Box 698, 3486 Dolor. Road','Weißenfels','83685','Philippines'),
  (463,'5622 Ut Street','Ambon','59027','India'),
  (464,'605-7826 In St.','Salvador','464966','Mexico'),
  (465,'603-8968 Ipsum Road','Chimbote','61924','United Kingdom'),
  (466,'944-9310 Imperdiet Street','Lunel','20642','Poland'),
  (467,'P.O. Box 873, 1517 In Rd.','San Pablo','9014','Germany'),
  (468,'1249 Nunc St.','Berlin','83746','United States'),
  (469,'Ap #365-3477 Fermentum Rd.','Bracknell','833863','Ireland'),
  (470,'Ap #990-6633 Ipsum Rd.','Bad Vöslau','67-367','Turkey'),
  (471,'697-9982 Quis Road','Nậm Nhùn','8581','South Korea'),
  (472,'P.O. Box 480, 2834 Sem St.','Paupisi','1176','Philippines'),
  (473,'611-6945 Morbi Av.','Dublin','20204','New Zealand'),
  (474,'230-387 Imperdiet Avenue','Karachi','85247-827','South Africa'),
  (475,'861-2042 Quis Av.','Port Harcourt','17-207','Nigeria'),
  (476,'922-9513 Ipsum. Street','Toernich','4549','Singapore'),
  (477,'7438 Auctor Street','Quibdó','266971','Norway'),
  (478,'P.O. Box 155, 9655 Integer St.','Garzón','228611','India'),
  (479,'Ap #667-8713 Velit St.','Tank','62-25','Netherlands'),
  (480,'864-5050 Molestie St.','Swansea','982568','Belgium'),
  (481,'Ap #488-4343 Ac, Avenue','Valle del Guamuez','25951','United States'),
  (482,'528-6809 Pede Avenue','Zielona Góra','778584','Belgium'),
  (483,'Ap #432-726 Malesuada Avenue','Swan','80551','Ukraine'),
  (484,'201-2532 Orci. St.','Katsina','81956-37356','Poland'),
  (485,'698-8069 Scelerisque Av.','Cusco','171793','Costa Rica'),
  (486,'P.O. Box 611, 1607 Ac Rd.','Douai','93-859','Russian Federation'),
  (487,'Ap #772-8138 Purus St.','Baguio','751754','South Korea'),
  (488,'P.O. Box 452, 7814 Auctor Street','Petorca','664709','Norway'),
  (489,'296-9246 Magna Street','Wanaka','1740','France'),
  (490,'755-3719 Lobortis Avenue','Launceston','3471','Spain'),
  (491,'586-433 Nec, Av.','Sulzbach','232649','Italy'),
  (492,'924-9091 Ipsum St.','Belfort','3467 TF','New Zealand'),
  (493,'318-2473 In Street','Ficarolo','193273','South Korea'),
  (494,'844-207 Proin Av.','Gravilias','4973','South Africa'),
  (495,'785-1117 Nunc Av.','Herne','26-567','India'),
  (496,'225-8639 Tempor, Avenue','Paulista','79344-25548','Nigeria'),
  (497,'P.O. Box 394, 4330 Eleifend Av.','Tarakan','675273','Australia'),
  (498,'Ap #390-3980 Consectetuer Rd.','Garzón','83358','Philippines'),
  (499,'102-5936 Ipsum St.','Cajamarca','932754','Australia'),
(500,'809-3818 Velit. Av.','Dresden','355653','Peru');
 
 
-- ASOCIO CLIENTES A DIFERENTES DIRECCIONES
INSERT INTO clientes_direccion(customer_id, id_dirrecion)
    SELECT 
        c.customer_id, 
        COALESCE( d.fila_random, abs(random()) % (SELECT COUNT(id) FROM direccion) ) AS id
    FROM 
        cliente c
    LEFT JOIN (
        SELECT id, 1 + abs(random()) % (SELECT COUNT(id) FROM direccion) as fila_random
        FROM direccion
    ) d ON c.customer_id = d.id
LIMIT (SELECT COUNT(customer_id) FROM cliente);

-- ASOCIO EMPLEADOS A DIFERENTES DIRECCIONES
INSERT INTO empleado_direccion(employee_id, id_dirrecion)
    SELECT 
        e.employee_id, 
        COALESCE( d.fila_random, abs(random()) % (SELECT COUNT(id) FROM direccion) ) AS id
    FROM 
        empleado e
    LEFT JOIN (
        SELECT id, 1 + abs(random()) % (SELECT COUNT(id) FROM direccion) as fila_random
        FROM direccion
    ) d ON e.employee_id = d.id
LIMIT (SELECT COUNT(employee_id) FROM empleado);


-- COLUMNAS NUEVAS
ALTER TABLE cuenta
ADD COLUMN tipo_cuenta_id INT;

-- DROP DE COLUMNAS
-- ALTER TABLE cuenta DROP COLUMN tipo_cuenta_id;

-- UPDATE
UPDATE cuenta
SET tipo_cuenta_id = (1 + abs(random()) % (SELECT COUNT(id) FROM tipo_cuenta));

UPDATE sucursal
SET branch_address_id = (1 + abs(random()) % (SELECT COUNT(id) FROM direccion));

UPDATE empleado
SET employee_hire_date = substr(employee_hire_date, 7, 4) || '-' ||
         substr(employee_hire_date, 4, 2) || '-' ||
         substr(employee_hire_date, 1, 2);
