-- DROP DE TABLA PARA CREAR TODO CON SOLO CORRER EL SCRIPT
DROP TABLE IF EXISTS tipo_cliente;
DROP TABLE IF EXISTS tarjeta;
DROP TABLE IF EXISTS marca_tarjeta;
DROP TABLE IF EXISTS tipo_tarjeta;
DROP TABLE IF EXISTS direccion;
DROP TABLE IF EXISTS tipo_cuenta;
DROP TABLE IF EXISTS clientes_x_direcciones;
DROP TABLE IF EXISTS clientes_direccion;
DROP TABLE IF EXISTS empleado_direccion;

-- CREACION DE TABLAS
CREATE TABLE tipo_cliente(
    id INTEGER PRIMARY KEY AUTOINCREMENT,
    tipo_cliente NVARCHAR(100) NOT NULL,
    limite_tarjetas_debito INTEGER DEFAULT 0,
    limite_caja_ahorro_pesos INTEGER DEFAULT 0,
    limite_caja_ahorro_dolares INTEGER DEFAULT 0,
    cargo_mensual_cuanta_dolares INTEGER DEFAULT 0,
    limite_cuenta_corriente_pesos INTEGER DEFAULT 0,
    limite_cuenta_corriente_dolares INTEGER DEFAULT 0,
    limite_retiro_efectivo INTEGER DEFAULT 0,
    retiro_sin_comisiones INTEGER DEFAULT 0,
    limite_tarjeta_credito INTEGER DEFAULT 0,
    limite_pago_tarjeta INTEGER DEFAULT 0,
    tipo_tarjeta TEXT DEFAULT '0',
    limite_cuotas INTEGER DEFAULT 0,
    transferencia_saliente INTEGER DEFAULT 0,
    transferencia_entrante INTEGER DEFAULT 0,
    limite_cuenta_inversion INTEGER DEFAULT 0,
    limite_chequeras INTEGER DEFAULT 0
);

CREATE TABLE tipo_tarjeta(
    id INTEGER PRIMARY KEY AUTOINCREMENT,
    tipo_tarjeta NVARCHAR(100) NOT NULL
);

CREATE TABLE marca_tarjeta(
    id INTEGER PRIMARY KEY AUTOINCREMENT, 
    marca_tarjeta NVARCHAR(100) NOT NULL
);

CREATE TABLE tarjeta(
    id INTEGER PRIMARY KEY AUTOINCREMENT,
    numero VARCHAR(20) UNIQUE CHECK (LENGTH(numero) <= 20),
    cvv INT NOT NULL,
    fecha_otorgamiento DATETIME NOT NULL,
    fecha_exipracion DATETIME NOT NULL,
    tipo_tarjeta_id INT NOT NULL,
    marca_tarjeta_id INT NOT NULL,
    id_cliente INT DEFAULT 0,

    FOREIGN KEY (marca_tarjeta_id) REFERENCES marca_tarjeta(id),
    FOREIGN KEY (tipo_tarjeta_id) REFERENCES tipo_tarjeta(id)
    FOREIGN KEY (id_cliente) REFERENCES cliente(customer_id)
);

SELECT id_cliente FROM tarjeta
ORDER BY id_cliente;

CREATE TABLE direccion(
    id INTEGER PRIMARY KEY AUTOINCREMENT,
    calle VARCHAR(100) NOT NULL,
    ciudad VARCHAR(100) NOT NULL,
    codigo_postal VARCHAR(100) NOT NULL,
    pais VARCHAR(100) NOT NULL
);

CREATE TABLE tipo_cuenta(
    id INTEGER PRIMARY KEY AUTOINCREMENT,
    tipo_cuenta VARCHAR(100) NOT NULL
);

CREATE TABLE clientes_direccion(
    customer_id INTEGER ,
    id_dirrecion INTEGER, -- ID compuesto de los dos

    FOREIGN KEY (customer_id)
        REFERENCES cliente(customer_id)
            ON DELETE NO ACTION
            ON UPDATE NO ACTION,

    FOREIGN KEY (id_dirrecion)
        REFERENCES direccion(id)
            ON DELETE NO ACTION
            ON UPDATE NO ACTION
);

CREATE TABLE empleado_direccion(
    employee_id INTEGER ,
    id_dirrecion INTEGER, -- ID compuesto de los dos

    FOREIGN KEY (employee_id)
        REFERENCES empleado(employee_id)
            ON DELETE NO ACTION
            ON UPDATE NO ACTION,

    FOREIGN KEY (id_dirrecion)
        REFERENCES direccion(id)
            ON DELETE NO ACTION
            ON UPDATE NO ACTION
);

-- INSERTADO DE VALORES
INSERT INTO tipo_cliente (id, tipo_cliente, limite_tarjetas_debito, limite_caja_ahorro_pesos, limite_caja_ahorro_dolares, cargo_mensual_cuanta_dolares, limite_retiro_efectivo, retiro_sin_comisiones, limite_cuenta_corriente_pesos, limite_cuenta_corriente_dolares, limite_tarjeta_credito, limite_pago_tarjeta, tipo_tarjeta, limite_cuotas, transferencia_saliente, transferencia_entrante, limite_cuenta_inversion, limite_chequeras)
VALUES
(1, 'classic', 1, 1, 1, 0.1, 10000, 5, 0, 0, 0, 0, NULL, 0, 1, 0.5, 0, 0),
(2, 'gold', 1, 2, 1, 0.1, 20000, 1, 0, 0, 1, 150000, 'VISA,MASTERCAD', 100000, 1, 0.5, 1, 1),
(3, 'black', 5, 5, 5, 0.1, 100000, 1, 3, 3, 1, 500000, 'VISA,MASTERCAD,AMERIAN', 600000, 0, 0, 1, 2);

INSERT INTO tipo_tarjeta (id, tipo_tarjeta) VALUES
(1, 'debito'),
(2, 'credito');

INSERT INTO marca_tarjeta (id, marca_tarjeta) VALUES
(1, 'AMEX'),
(2, 'MASTER'),
(3, 'VISA');

INSERT INTO tipo_cuenta (id, tipo_cuenta) VALUES
(1, 'caja ahorro en pesos'),
(2, 'caja ahorro en dolares'),
(3, 'cuenta corriente en pesos'),
(4, 'cuenta corriente en dolares'),
(5, 'cuenta inversion');

-- INSERTADO DE TARJETAS Y ASOCIADO DE CLIENTES DE FORMA ALEATORIA CON (www.generatedata.com)
INSERT INTO `tarjeta` (`id`,`numero`,`cvv`,`fecha_otorgamiento`,`fecha_exipracion`,`tipo_tarjeta_id`,`marca_tarjeta_id`,`id_cliente`)
VALUES
  (1,'376388189254761','356','Nov 7, 2023','Jul 13, 2023',2,2,359),
  (2,'526 23199 82123 446','393','Jan 29, 2023','Mar 1, 2024',2,1,366),
  (3,'552852 9486834880','614','Jul 15, 2024','Sep 10, 2024',2,2,266),
  (4,'552 35124 57711 639','170','Mar 30, 2023','Sep 1, 2023',2,3,33),
  (5,'517832 2448352883','541','Jul 1, 2023','Apr 1, 2023',1,1,9),
  (6,'348879853321428','630','Feb 14, 2023','Jun 24, 2023',1,3,232),
  (7,'4024 007 16 8327','655','Sep 15, 2024','Jun 26, 2023',1,3,157),
  (8,'375455746328825','466','Jun 3, 2023','Nov 2, 2024',1,1,318),
  (9,'512583 883845 7457','344','May 2, 2023','Sep 25, 2024',1,1,106),
  (10,'534 63327 46329 423','940','Aug 8, 2023','Jul 4, 2023',2,1,155),
  (11,'3492 276523 31264','841','Oct 6, 2023','Sep 22, 2024',2,2,58),
  (12,'4532558624166282','134','Oct 26, 2024','Aug 11, 2023',1,1,370),
  (13,'4539761265765338','878','Jan 4, 2024','Jun 11, 2024',2,2,55),
  (14,'4916 4372 7887 6429','854','Feb 24, 2023','May 6, 2023',1,2,306),
  (15,'5435 1932 6877 8682','285','Sep 13, 2023','Aug 11, 2024',2,3,314),
  (16,'374161723539464','278','Apr 23, 2024','Aug 9, 2024',1,2,199),
  (17,'402400 7117942523','576','Jun 17, 2024','Aug 21, 2023',1,3,75),
  (18,'4532296575372480','425','May 13, 2024','Sep 19, 2023',1,2,273),
  (19,'522436 2241139412','255','Mar 31, 2024','Jul 24, 2023',1,2,230),
  (20,'348475567541243','922','Jan 21, 2024','Jul 31, 2024',2,3,454),
  (21,'557 96379 78632 742','466','Jul 31, 2023','Aug 18, 2023',1,2,348),
  (22,'4929675377697','964','Oct 5, 2023','Oct 30, 2023',1,3,309),
  (23,'5376 4644 2728 7829','845','Oct 19, 2023','Apr 4, 2024',2,3,192),
  (24,'542 64369 23373 683','651','Oct 15, 2023','Dec 13, 2023',2,2,47),
  (25,'3479 672278 58570','793','Apr 12, 2024','Oct 13, 2024',2,2,252),
  (26,'552 35715 44353 466','248','Jan 22, 2024','Jul 26, 2023',1,1,71),
  (27,'545928 854334 2576','665','Oct 14, 2023','May 6, 2023',2,2,357),
  (28,'3474 222689 83853','357','Sep 9, 2024','Mar 20, 2023',2,1,441),
  (29,'531 78416 32728 915','328','Mar 29, 2024','Nov 26, 2023',2,1,5),
  (30,'5343786533247572','126','Feb 12, 2024','Jun 30, 2024',1,2,351),
  (31,'491642 464768 8370','391','Apr 6, 2024','Feb 12, 2024',1,3,101),
  (32,'5522522651748114','771','May 7, 2023','Jul 16, 2024',2,3,284),
  (33,'341635848743226','531','Feb 19, 2024','Feb 8, 2024',1,1,337),
  (34,'492973 317524 9388','663','Jan 22, 2024','Sep 9, 2024',1,3,328),
  (35,'5442 2255 8154 2428','607','Jun 15, 2024','Jul 21, 2024',2,2,162),
  (36,'5462 1612 4125 4770','858','Nov 8, 2023','Mar 14, 2024',2,1,290),
  (37,'479755 7694417419','713','Nov 24, 2022','Feb 7, 2024',2,1,354),
  (38,'4532 755 88 7245','972','May 3, 2024','Jul 16, 2024',1,2,389),
  (39,'4485489835479','426','Jul 16, 2023','Sep 3, 2024',1,1,375),
  (40,'5433796318134557','144','Jan 9, 2023','Sep 2, 2024',2,2,7),
  (41,'544695 8671387868','172','Jun 17, 2023','Oct 6, 2023',1,1,160),
  (42,'3422 988757 77143','165','Apr 15, 2024','Sep 8, 2024',1,2,43),
  (43,'3488 543949 34757','821','Dec 13, 2022','Oct 4, 2023',1,2,417),
  (44,'455 63889 86746 245','737','May 8, 2024','Jan 28, 2024',1,2,18),
  (45,'4532958834762','420','Nov 30, 2023','Oct 3, 2023',2,1,379),
  (46,'491672 5691386921','424','Feb 29, 2024','Oct 26, 2023',2,3,309),
  (47,'512 43413 67835 616','367','May 19, 2023','Jul 13, 2024',2,1,192),
  (48,'345239335279335','549','Jun 3, 2024','Oct 13, 2024',2,3,236),
  (49,'5534924667189786','873','Aug 22, 2024','Mar 14, 2023',2,3,305),
  (50,'378756649487734','455','Apr 20, 2024','Jun 28, 2023',2,2,223),
  (51,'3773 137776 77834','906','Jul 4, 2024','Sep 10, 2024',1,1,24),
  (52,'493754 8349827566','625','Aug 27, 2023','Nov 19, 2023',2,2,179),
  (53,'455665 2653478220','535','Jul 28, 2024','Oct 10, 2024',2,3,250),
  (54,'3452 528644 25476','432','Dec 9, 2023','Jan 21, 2024',1,1,59),
  (55,'453 25136 76844 922','268','Sep 29, 2023','May 10, 2023',2,2,40),
  (56,'453286 943266 4685','363','Nov 27, 2023','Mar 19, 2024',1,1,134),
  (57,'349732617348774','686','Apr 17, 2024','Apr 1, 2024',2,1,235),
  (58,'526 84489 72882 176','700','Oct 22, 2024','Jul 27, 2023',2,3,115),
  (59,'4532127882692','984','Feb 4, 2024','Aug 25, 2023',2,3,208),
  (60,'377223422624554','818','Nov 13, 2022','Jun 25, 2024',1,2,471),
  (61,'3757 791447 83368','244','Mar 20, 2023','Jun 10, 2023',2,2,36),
  (62,'558153 768418 2360','395','Jun 18, 2023','Jun 19, 2024',2,3,500),
  (63,'513 65363 17252 558','137','Jun 20, 2024','Jul 8, 2023',2,1,333),
  (64,'345564543248339','372','Jun 30, 2023','Jun 26, 2024',2,1,254),
  (65,'453984 433862 4565','300','Sep 12, 2024','Oct 6, 2024',2,3,169),
  (66,'448536 8431882262','524','Sep 16, 2023','Aug 26, 2024',1,2,202),
  (67,'544 61682 63245 835','160','Oct 4, 2023','Sep 20, 2023',2,2,401),
  (68,'4024 0071 5427 7635','721','Feb 25, 2023','Apr 22, 2023',2,1,81),
  (69,'522 52184 82774 623','459','Oct 8, 2023','Nov 27, 2023',1,2,287),
  (70,'5127 1888 8883 7564','508','Nov 24, 2022','May 13, 2024',2,2,173),
  (71,'344865324735712','472','Sep 21, 2023','Aug 10, 2023',1,2,212),
  (72,'4532178331722','820','Apr 28, 2024','Jul 18, 2023',2,1,184),
  (73,'348587635645556','154','Dec 31, 2022','Oct 6, 2023',1,1,91),
  (74,'349716858458640','787','Mar 29, 2023','Dec 8, 2023',2,2,473),
  (75,'471662 859727 3262','562','May 7, 2024','Oct 5, 2024',2,1,238),
  (76,'4485 486 26 7734','767','Oct 9, 2023','Jun 20, 2023',1,2,342),
  (77,'5563463446677872','992','Mar 8, 2024','Sep 27, 2023',1,2,390),
  (78,'492944 585466 4734','146','Sep 25, 2024','Mar 21, 2023',1,2,139),
  (79,'558454 763342 6187','719','Nov 14, 2023','Aug 2, 2024',1,3,300),
  (80,'492 98896 91946 772','645','Apr 14, 2024','May 16, 2023',2,3,408),
  (81,'347481123574125','114','Sep 9, 2023','Jun 23, 2024',2,2,213),
  (82,'557 72727 62551 437','742','Apr 23, 2024','Apr 19, 2024',1,3,27),
  (83,'3454 525537 67762','518','May 25, 2024','Feb 4, 2024',2,3,74),
  (84,'3448 737789 59226','430','Mar 19, 2023','Apr 14, 2023',2,3,483),
  (85,'374569637517626','650','Dec 10, 2022','Nov 21, 2023',2,2,245),
  (86,'3484 255345 46270','760','Jul 1, 2023','Jul 18, 2023',2,2,233),
  (87,'4532168696860','297','Aug 11, 2024','Feb 29, 2024',2,3,46),
  (88,'4556 614 78 6140','893','Aug 17, 2024','Jan 12, 2024',2,2,472),
  (89,'5334 3556 7832 1377','527','Jun 11, 2024','Sep 25, 2024',2,1,435),
  (90,'5344 3148 5472 8556','465','Apr 9, 2024','May 23, 2023',2,3,244),
  (91,'5287 2384 8893 1840','146','Apr 26, 2024','Sep 1, 2023',1,2,34),
  (92,'545 25543 26338 496','858','Apr 14, 2024','Jun 6, 2023',2,2,41),
  (93,'342117487791419','362','Jan 6, 2024','May 5, 2023',1,2,363),
  (94,'527 12821 59878 839','696','Dec 10, 2022','May 2, 2023',1,1,68),
  (95,'372535725275528','276','Jul 20, 2023','Jul 10, 2023',1,2,1),
  (96,'3782 536212 43335','319','Aug 20, 2023','Nov 24, 2023',1,1,400),
  (97,'536 51515 55235 786','145','Jan 11, 2024','Oct 14, 2023',1,1,64),
  (98,'373442775137568','208','Mar 2, 2023','May 25, 2024',1,2,72),
  (99,'344562429166261','145','Feb 29, 2024','Sep 5, 2024',1,2,175),
  (100,'348926726762872','281','Jan 30, 2023','Aug 13, 2023',1,1,465),
  (101,'5411733129633259','736','Nov 22, 2023','Mar 3, 2024',1,2,498),
  (102,'5143936419224870','252','Apr 20, 2024','Dec 5, 2023',2,3,339),
  (103,'4024007163617','392','Nov 18, 2022','Nov 3, 2024',2,3,177),
  (104,'344725865636721','688','Oct 16, 2023','Sep 4, 2024',1,3,44),
  (105,'4485584649355525','845','Mar 25, 2023','May 6, 2024',2,3,84),
  (106,'4556165548955773','489','Oct 19, 2024','Dec 10, 2023',2,2,178),
  (107,'491682 284528 6832','728','Jul 14, 2024','Jun 24, 2023',2,3,404),
  (108,'4929163641498254','777','Dec 4, 2022','Jun 11, 2024',2,2,47),
  (109,'492 93988 35445 477','387','May 11, 2024','Aug 1, 2023',1,2,483),
  (110,'348783855369635','545','Dec 18, 2023','Apr 14, 2023',2,2,415),
  (111,'3736 324391 24768','187','Dec 4, 2023','Dec 10, 2023',2,2,433),
  (112,'4916478218482423','275','Jul 12, 2024','Sep 13, 2024',1,2,219),
  (113,'3714 224692 54871','433','Jun 15, 2024','Oct 28, 2023',2,3,231),
  (114,'4532483332763736','394','Oct 30, 2023','Feb 17, 2024',1,3,51),
  (115,'373323558621830','923','Feb 18, 2023','Jul 3, 2023',2,2,408),
  (116,'455644 326848 3825','492','Dec 4, 2022','Apr 19, 2024',1,2,330),
  (117,'3747 896487 23571','706','Aug 27, 2024','Oct 14, 2023',1,1,349),
  (118,'5532 8438 2678 8738','332','Apr 7, 2024','Oct 13, 2023',1,3,486),
  (119,'453 97338 51883 346','835','Oct 21, 2023','Dec 13, 2023',1,3,167),
  (120,'527 74673 74325 252','893','Mar 16, 2024','Nov 8, 2023',1,1,65),
  (121,'402400 717644 4221','457','Sep 3, 2024','Dec 24, 2023',1,2,274),
  (122,'5358774262768150','887','Jun 18, 2024','Jul 9, 2023',1,2,213),
  (123,'3468 869522 38728','406','Nov 24, 2022','May 3, 2023',1,1,430),
  (124,'555 34984 32681 621','206','Nov 4, 2023','Apr 12, 2024',2,2,306),
  (125,'512584 7235266627','839','Aug 17, 2023','Sep 20, 2023',1,2,191),
  (126,'3466 578896 68448','310','May 17, 2024','Jun 6, 2023',1,1,99),
  (127,'541 24441 96343 850','354','Apr 4, 2024','Oct 17, 2023',2,1,439),
  (128,'442857 2542626837','548','Feb 28, 2024','May 2, 2023',2,2,167),
  (129,'545455 7156375148','533','Mar 9, 2023','Oct 8, 2023',1,2,156),
  (130,'378483246173613','683','Feb 20, 2023','Mar 29, 2024',2,2,76),
  (131,'492 96257 78286 579','650','Nov 29, 2022','Feb 10, 2024',2,1,352),
  (132,'448593 252434 3290','208','May 17, 2023','Dec 22, 2023',1,2,256),
  (133,'346836386312664','251','Apr 10, 2023','Dec 21, 2023',1,2,409),
  (134,'3733 839733 15426','408','Mar 8, 2024','Aug 17, 2023',1,1,47),
  (135,'4024007195686760','673','May 1, 2023','Sep 20, 2024',1,1,356),
  (136,'402400 716745 7174','887','Aug 9, 2024','Oct 31, 2024',1,2,400),
  (137,'349335647431550','352','Oct 4, 2023','Jul 25, 2023',1,2,476),
  (138,'4539293722556811','783','Jun 17, 2023','May 30, 2023',2,3,114),
  (139,'4929136665599','878','Jan 31, 2024','Oct 24, 2024',1,1,438),
  (140,'543647 895929 3425','952','Mar 8, 2024','Mar 21, 2024',2,3,312),
  (141,'5232 6834 6716 3988','433','Jun 4, 2024','Sep 13, 2024',1,3,3),
  (142,'343636869178654','126','Jul 4, 2023','Jun 28, 2024',1,3,436),
  (143,'4539 7529 1353 2717','699','Nov 22, 2023','Aug 13, 2024',2,1,486),
  (144,'5315 3678 7885 1387','149','Aug 15, 2023','Sep 1, 2023',2,3,374),
  (145,'3736 938298 74768','775','Jan 27, 2023','Sep 20, 2023',1,2,220),
  (146,'492989 5869476989','769','Jun 21, 2024','Aug 5, 2023',1,2,125),
  (147,'5348847667584688','166','Aug 14, 2024','Dec 19, 2023',1,1,217),
  (148,'3475 758141 66834','292','Dec 2, 2022','Jul 29, 2024',1,1,191),
  (149,'455 69861 44429 834','431','May 25, 2023','Feb 5, 2024',2,2,232),
  (150,'4556125338852','238','Jan 9, 2023','Sep 26, 2023',1,3,371),
  (151,'5376 5965 3763 5684','642','Jun 12, 2024','Jun 22, 2024',2,2,176),
  (152,'535 84933 83378 225','330','Jun 15, 2023','Jun 19, 2023',2,1,144),
  (153,'4024 0071 3211 7747','510','Apr 29, 2023','Mar 15, 2023',1,2,268),
  (154,'341332242446255','690','Jan 31, 2023','May 17, 2024',2,2,38),
  (155,'3445 638475 15352','422','May 4, 2023','Jan 16, 2024',2,1,86),
  (156,'448 56263 67673 256','880','Sep 9, 2024','Mar 15, 2024',1,2,314),
  (157,'3467 583928 86525','311','Feb 2, 2023','Jul 19, 2023',2,2,11),
  (158,'5387 2495 5372 8366','201','Feb 18, 2023','Jul 18, 2024',1,3,145),
  (159,'3446 517264 52787','656','Jun 30, 2024','Aug 8, 2023',1,2,187),
  (160,'378534366211169','588','Apr 22, 2023','Oct 7, 2024',1,1,408),
  (161,'3722 933776 78322','840','Feb 18, 2024','May 4, 2023',2,2,37),
  (162,'492 95283 49863 852','500','Jul 11, 2023','Oct 9, 2024',2,2,459),
  (163,'347222975429749','324','Jun 25, 2023','Sep 20, 2023',1,3,322),
  (164,'5226 6855 7466 8344','548','Sep 12, 2024','Jul 17, 2024',2,2,202),
  (165,'341326359914667','724','Apr 6, 2023','Feb 19, 2024',1,2,160),
  (166,'538 66643 86525 493','587','Dec 3, 2022','May 28, 2023',1,2,100),
  (167,'4485762433476828','406','Jun 21, 2023','Mar 15, 2024',2,2,458),
  (168,'534 43785 83226 414','833','Dec 19, 2022','Feb 11, 2024',2,2,477),
  (169,'5144 5461 8437 7610','452','Mar 31, 2023','Oct 6, 2024',2,3,417),
  (170,'554384 3733628388','918','Nov 11, 2023','Feb 8, 2024',2,3,367),
  (171,'4916 4338 8587 6175','590','Mar 12, 2024','Mar 10, 2023',1,3,251),
  (172,'4929636873271','811','Jan 11, 2024','Mar 14, 2023',1,2,320),
  (173,'539563 4644613653','817','Mar 3, 2023','May 12, 2023',2,1,54),
  (174,'3459 467988 75546','817','Sep 8, 2023','Jun 27, 2023',1,2,431),
  (175,'471643 6827766166','346','May 23, 2024','Jul 25, 2023',2,2,102),
  (176,'348872756413798','212','Jun 22, 2024','Jun 6, 2024',2,1,170),
  (177,'3445 648326 24548','916','Feb 5, 2023','Jun 20, 2023',1,1,446),
  (178,'347859843532756','669','Aug 14, 2023','Sep 10, 2023',2,2,295),
  (179,'378145689791884','778','Jul 25, 2024','Mar 11, 2023',1,2,78),
  (180,'455675 328388 3522','286','Sep 2, 2024','Jul 10, 2023',1,2,224),
  (181,'4716 3932 3363 6527','183','Oct 20, 2023','Aug 22, 2024',1,2,255),
  (182,'5332 6711 5159 8766','846','Oct 27, 2023','Feb 2, 2024',2,2,161),
  (183,'542313 4553656328','740','Jul 3, 2023','May 2, 2024',2,2,397),
  (184,'373388125829638','296','May 7, 2023','Oct 13, 2024',2,2,388),
  (185,'455628 763767 7371','351','Oct 9, 2023','Mar 2, 2024',1,2,403),
  (186,'3735 448558 69471','929','Sep 13, 2023','Aug 17, 2024',2,1,394),
  (187,'3457 541257 45865','739','May 14, 2024','Apr 16, 2023',2,3,482),
  (188,'4916162788247','661','Apr 4, 2024','Jul 4, 2023',2,2,292),
  (189,'4289728617437926','125','Jan 2, 2023','Nov 4, 2023',2,1,307),
  (190,'3788 365188 45533','143','Apr 9, 2023','Jun 7, 2024',2,2,400),
  (191,'3475 394256 65352','128','May 15, 2023','Apr 25, 2024',1,1,301),
  (192,'556812 664264 4120','703','May 23, 2024','Jun 24, 2024',2,3,142),
  (193,'453977 5923143688','921','Sep 29, 2024','Jun 10, 2023',2,2,492),
  (194,'4485 3917 3429 8895','964','Aug 4, 2024','Dec 12, 2023',1,2,272),
  (195,'378497454739485','343','Nov 28, 2022','Jan 14, 2024',2,1,254),
  (196,'3445 274834 29368','849','Mar 7, 2023','Feb 25, 2024',1,3,369),
  (197,'453 94575 26367 911','926','Dec 19, 2023','Apr 15, 2024',2,3,421),
  (198,'378976381553283','613','Jan 12, 2023','Apr 20, 2023',1,3,330),
  (199,'4024007131580','788','Aug 12, 2023','Sep 1, 2023',2,2,19),
  (200,'544318 6785361610','757','Mar 25, 2024','Apr 24, 2024',2,2,354),
  (201,'547413 6554773851','680','Jan 2, 2024','Jul 4, 2024',1,1,498),
  (202,'4485573398566945','796','Nov 14, 2023','Mar 24, 2024',2,1,436),
  (203,'448584 1168149196','398','Jan 16, 2023','Apr 4, 2024',2,3,125),
  (204,'453244 6762247488','967','Apr 12, 2024','Oct 20, 2024',2,2,65),
  (205,'402400 7124122556','485','Apr 15, 2024','Jul 19, 2023',2,2,379),
  (206,'557735 5752282467','142','Jul 25, 2023','Aug 3, 2023',1,1,125),
  (207,'471647 268873 3458','633','Jan 30, 2024','Feb 28, 2024',1,2,387),
  (208,'4684 632 22 4249','544','Jan 9, 2024','Mar 29, 2024',1,1,163),
  (209,'3758 166762 78118','371','May 17, 2024','Dec 6, 2023',1,1,308),
  (210,'4716 3859 9427 8788','516','Oct 11, 2024','Jun 17, 2024',2,2,167),
  (211,'453 97663 83874 490','622','Jun 20, 2024','Jul 10, 2024',2,2,134),
  (212,'519857 553366 4522','652','Jul 9, 2023','Apr 13, 2024',2,3,12),
  (213,'491687 437483 5497','835','Jul 29, 2024','May 8, 2023',2,3,456),
  (214,'4556537683341','521','Apr 18, 2024','Feb 29, 2024',1,3,243),
  (215,'4024007152974241','685','Jul 16, 2024','Apr 25, 2024',2,1,445),
  (216,'402400 7173678177','828','May 14, 2024','Jun 27, 2023',1,1,413),
  (217,'3478 354642 61370','217','Jul 15, 2023','Feb 26, 2024',1,2,259),
  (218,'448578 254551 5289','534','Apr 11, 2023','May 6, 2023',1,2,58),
  (219,'491693 519472 4680','813','May 2, 2023','Apr 9, 2023',2,1,452),
  (220,'525798 487726 9286','739','Apr 7, 2024','Jan 2, 2024',1,2,423),
  (221,'4539 8976 7692 6547','767','Sep 14, 2023','Dec 2, 2023',1,2,161),
  (222,'372152266786150','775','Dec 28, 2023','Aug 26, 2024',1,2,323),
  (223,'448588 787236 8440','321','Sep 18, 2024','Apr 10, 2024',2,2,90),
  (224,'345345536453817','882','Jan 8, 2023','Jan 10, 2024',1,2,231),
  (225,'3434 116698 13326','785','Jun 23, 2023','Jun 22, 2023',1,1,484),
  (226,'4716 358 28 6745','843','Dec 2, 2022','Mar 24, 2024',1,2,118),
  (227,'554454 326282 5251','786','Jul 5, 2023','Apr 24, 2024',1,3,267),
  (228,'492994 353285 5526','554','Aug 25, 2023','Apr 26, 2023',1,1,31),
  (229,'3772 877977 85555','155','Nov 25, 2023','Jul 8, 2023',1,3,249),
  (230,'4532295775166254','655','Mar 27, 2024','Jul 16, 2023',2,2,108),
  (231,'5522 7816 6665 7781','193','Aug 9, 2024','Mar 28, 2023',2,3,266),
  (232,'553 65812 37116 539','114','Feb 1, 2023','May 12, 2024',2,2,374),
  (233,'3722 397325 82477','412','Jun 17, 2023','Feb 24, 2024',2,2,395),
  (234,'551376 1731745986','244','Jan 5, 2023','Mar 9, 2023',2,1,394),
  (235,'526 78933 93827 816','851','Feb 5, 2024','Sep 6, 2024',2,3,2),
  (236,'517 25333 34163 988','899','Oct 31, 2024','Jul 2, 2024',2,3,448),
  (237,'3421 543217 58569','772','Dec 22, 2022','Mar 26, 2023',2,3,371),
  (238,'5538849333681450','716','Feb 12, 2023','Nov 12, 2023',2,2,289),
  (239,'5552 3945 6788 8969','572','Dec 3, 2023','Aug 28, 2024',2,1,4),
  (240,'3423 424356 56981','271','Jan 13, 2023','Jul 29, 2023',1,1,325),
  (241,'3432 276282 95656','430','Sep 2, 2024','May 24, 2024',2,2,403),
  (242,'3492 445457 87677','226','Sep 26, 2024','Dec 26, 2023',1,1,270),
  (243,'346167876896325','529','Dec 7, 2022','Mar 15, 2024',2,3,422),
  (244,'374757931495512','452','Oct 11, 2024','May 9, 2023',2,2,391),
  (245,'3753 147322 74339','181','Dec 29, 2022','Jan 11, 2024',1,2,330),
  (246,'4539384585166267','462','Jul 5, 2024','May 17, 2023',2,3,49),
  (247,'3731 784233 45696','469','Feb 17, 2024','Jun 10, 2023',2,2,411),
  (248,'3785 638516 46217','924','Jul 23, 2023','Jun 10, 2023',2,2,299),
  (249,'546225 5215645524','252','Apr 9, 2024','Jan 7, 2024',1,3,152),
  (250,'4929 926 45 6548','954','Jun 16, 2024','Dec 28, 2023',2,3,225),
  (251,'3781 538882 22669','304','Apr 5, 2024','Oct 19, 2023',2,3,452),
  (252,'4024 0071 8188 6325','142','Jan 16, 2023','Sep 29, 2023',1,2,435),
  (253,'4532752937860','383','Dec 11, 2023','Mar 10, 2023',2,2,50),
  (254,'4485276134631','302','Sep 9, 2024','Jul 30, 2023',1,1,232),
  (255,'5333844433266887','371','Aug 16, 2023','Sep 17, 2024',1,1,436),
  (256,'538 26918 68141 659','194','Jun 16, 2024','Apr 27, 2024',1,2,242),
  (257,'3763 827914 37682','718','Sep 10, 2024','Oct 28, 2023',1,3,50),
  (258,'4929 2272 2558 3771','716','Apr 17, 2023','Oct 30, 2024',1,1,444),
  (259,'453224 828486 4984','248','Aug 18, 2023','Jul 28, 2024',1,3,316),
  (260,'4024007135225786','583','Oct 19, 2024','Sep 21, 2024',1,3,204),
  (261,'4929354453694','854','Mar 11, 2023','Mar 8, 2024',1,1,172),
  (262,'453958 9365466824','465','Jul 20, 2024','Jul 6, 2024',1,1,246),
  (263,'471 66981 27315 453','941','Mar 29, 2023','Mar 19, 2024',1,2,374),
  (264,'3767 563785 55778','223','May 25, 2024','Feb 2, 2024',2,2,323),
  (265,'514 59143 96236 975','560','Jul 26, 2023','Mar 19, 2024',2,2,352),
  (266,'448523 675594 4515','349','Jan 8, 2023','May 29, 2023',2,2,267),
  (267,'5294735547754379','958','Mar 8, 2024','Jul 24, 2024',2,3,183),
  (268,'536452 4142325321','440','Feb 27, 2024','Oct 26, 2023',2,3,422),
  (269,'374538784725340','931','Aug 10, 2024','Feb 18, 2024',1,1,388),
  (270,'548556 7754451574','196','Apr 3, 2023','Dec 20, 2023',2,1,14),
  (271,'4716 197 78 7762','159','Dec 19, 2023','Jul 4, 2024',1,2,225),
  (272,'3485 664485 95836','797','May 1, 2023','May 15, 2023',2,3,301),
  (273,'5568737555578665','465','Jan 27, 2023','Oct 23, 2024',1,2,45),
  (274,'455668 7828597330','727','Jun 22, 2023','Sep 6, 2024',2,1,459),
  (275,'553624 3884697416','883','Oct 30, 2024','Feb 2, 2024',1,1,267),
  (276,'3769 655582 55451','584','Jun 13, 2023','Apr 7, 2024',1,1,144),
  (277,'402400 715598 8750','286','Dec 16, 2022','Oct 26, 2024',1,2,303),
  (278,'516 66453 42722 775','134','May 20, 2023','Apr 22, 2023',1,2,318),
  (279,'496387 828376 5366','430','Nov 19, 2023','Oct 16, 2024',2,1,488),
  (280,'3493 758243 74637','383','Sep 2, 2023','Mar 16, 2023',1,3,274),
  (281,'495863 125242 3567','956','Feb 13, 2024','Sep 16, 2023',2,1,374),
  (282,'3739 774255 41842','625','Oct 2, 2023','Aug 31, 2024',2,2,185),
  (283,'537288 8254172437','900','Feb 11, 2023','Jul 28, 2024',1,2,28),
  (284,'4485 8565 3672 8323','719','May 31, 2023','Jun 9, 2023',2,1,195),
  (285,'349785556726533','203','May 1, 2023','May 12, 2024',1,2,311),
  (286,'455622 4384216889','726','Feb 11, 2023','Jun 23, 2023',2,2,100),
  (287,'453935 8225635774','630','Jun 6, 2024','Nov 18, 2023',2,3,437),
  (288,'5546 5219 3262 3148','511','Jan 22, 2024','Aug 27, 2023',2,3,120),
  (289,'3778 432343 31237','417','Feb 10, 2023','Jan 15, 2024',2,2,140),
  (290,'4916 582 86 6276','341','May 11, 2024','Sep 11, 2024',1,3,391),
  (291,'378882745121975','657','Mar 25, 2023','Mar 11, 2023',2,2,78),
  (292,'4024007138367361','729','Nov 15, 2023','Apr 13, 2023',2,1,156),
  (293,'3739 251516 29828','782','Dec 12, 2022','Sep 2, 2024',2,1,457),
  (294,'3479 157252 99888','899','Nov 3, 2024','Sep 7, 2023',2,1,452),
  (295,'5152 5939 8257 9558','885','Jul 8, 2024','Jan 6, 2024',1,3,202),
  (296,'345767638536670','541','Mar 28, 2024','Feb 3, 2024',1,1,145),
  (297,'528252 8756365324','594','Nov 17, 2023','Oct 26, 2023',2,1,128),
  (298,'4024 0071 7821 9688','757','Apr 25, 2024','Mar 1, 2024',1,1,268),
  (299,'3484 994772 68531','499','Dec 22, 2023','Dec 21, 2023',1,1,290),
  (300,'4539431864530','826','Jan 19, 2024','May 4, 2023',2,3,427),
  (301,'544877 647679 7760','378','Nov 10, 2022','Jul 11, 2023',1,1,429),
  (302,'3473 325776 16856','633','Mar 4, 2024','Dec 26, 2023',1,2,257),
  (303,'5344377549552434','112','Sep 22, 2023','Jul 18, 2023',2,3,494),
  (304,'453243 877199 7849','878','Dec 22, 2023','Oct 9, 2023',2,2,247),
  (305,'3725 734847 35457','419','May 9, 2023','Jun 14, 2024',1,2,481),
  (306,'374291126294340','362','Jul 4, 2024','May 30, 2023',1,2,404),
  (307,'341872623334430','772','Jul 13, 2023','Apr 14, 2023',2,3,414),
  (308,'3492 654943 27934','880','May 16, 2023','Feb 2, 2024',1,2,53),
  (309,'4929 1954 2339 6140','564','Jul 28, 2023','Oct 22, 2024',1,3,352),
  (310,'542 62743 78451 351','794','Dec 31, 2023','May 23, 2023',2,3,227),
  (311,'4916552225557433','642','Mar 1, 2024','Jan 19, 2024',2,1,236),
  (312,'4024 007 12 8222','937','Oct 25, 2024','Apr 21, 2024',2,1,209),
  (313,'4532568476434','316','Apr 12, 2023','Sep 27, 2024',2,3,68),
  (314,'4485754321524223','115','Nov 10, 2023','Jul 26, 2023',1,3,460),
  (315,'5333 1897 5874 5440','232','Jun 16, 2023','Oct 25, 2023',2,2,144),
  (316,'341874426235699','147','Sep 5, 2023','May 20, 2024',1,1,115),
  (317,'554 47576 51479 344','139','Mar 16, 2023','Apr 7, 2023',2,2,33),
  (318,'4716557533632','998','May 13, 2024','Oct 12, 2024',2,2,22),
  (319,'522441 585449 8887','775','Jan 13, 2024','Aug 18, 2024',2,3,60),
  (320,'4539292991588471','182','Jan 23, 2023','Jun 13, 2023',2,2,296),
  (321,'371852886162382','238','Oct 24, 2023','Aug 28, 2023',2,2,93),
  (322,'4539 342 62 2647','521','Jul 12, 2024','Jul 31, 2024',1,2,266),
  (323,'3752 388344 87723','280','Oct 28, 2024','Jun 19, 2023',2,2,463),
  (324,'3462 449867 62422','246','Sep 26, 2023','Aug 20, 2024',1,1,147),
  (325,'5562812841231241','476','Jun 6, 2024','Oct 11, 2023',2,3,172),
  (326,'491647 578832 8770','888','Dec 25, 2022','Jul 1, 2024',1,1,117),
  (327,'5448 8633 7383 6287','597','Mar 4, 2024','Dec 17, 2023',1,2,497),
  (328,'347238992429421','606','Mar 19, 2024','May 15, 2023',1,2,195),
  (329,'529423 416933 7424','847','Jul 6, 2024','Apr 21, 2023',2,2,205),
  (330,'539631 2265386672','852','Mar 3, 2023','Sep 22, 2023',1,2,211),
  (331,'535859 862545 6595','241','Jul 2, 2023','Jul 14, 2023',2,2,89),
  (332,'4775 285 88 7280','111','Sep 24, 2023','Apr 7, 2024',2,2,136),
  (333,'547 45244 15411 862','184','Jan 20, 2023','Jun 4, 2024',2,2,291),
  (334,'5252237988876217','331','May 28, 2023','May 23, 2023',1,2,32),
  (335,'3782 742286 12532','681','Dec 18, 2022','Jan 7, 2024',2,2,122),
  (336,'453 26644 74923 390','214','Jun 8, 2023','Sep 21, 2024',2,1,194),
  (337,'371984994253280','618','Mar 13, 2023','Apr 27, 2024',2,2,382),
  (338,'375645838357142','337','Oct 3, 2024','Feb 19, 2024',1,2,343),
  (339,'3424 538241 32474','592','Nov 19, 2023','May 6, 2024',2,1,142),
  (340,'3731 742865 63350','540','Oct 3, 2024','Mar 6, 2024',1,2,203),
  (341,'517478 1618876340','294','Jul 10, 2024','Sep 22, 2024',2,2,128),
  (342,'491634 149742 5515','744','Aug 30, 2023','Mar 5, 2024',1,2,146),
  (343,'347715979236580','911','Sep 19, 2023','Jul 1, 2023',1,3,111),
  (344,'372812444443327','233','Jan 7, 2023','Jun 9, 2024',2,1,67),
  (345,'471 63614 63872 872','740','Oct 30, 2023','Nov 1, 2023',2,2,107),
  (346,'4539587723852','589','May 23, 2024','Oct 11, 2023',2,1,126),
  (347,'4532148761669','641','Sep 9, 2023','Sep 5, 2023',2,1,224),
  (348,'4444345694747713','730','Jan 12, 2024','Mar 1, 2024',1,3,349),
  (349,'3496 565421 44554','172','Nov 25, 2023','Mar 20, 2024',1,2,283),
  (350,'4716521625843539','155','Jul 30, 2024','May 31, 2023',1,2,225),
  (351,'346991635264792','940','Jun 29, 2023','Oct 3, 2024',1,2,362),
  (352,'526635 4513668839','763','Aug 2, 2024','Mar 15, 2024',2,2,260),
  (353,'4556327798820','150','Mar 27, 2023','Nov 20, 2023',2,1,417),
  (354,'526955 1595492452','189','Oct 20, 2024','Oct 26, 2024',2,2,407),
  (355,'5452 5748 4562 2741','932','Oct 25, 2024','Jan 19, 2024',1,2,23),
  (356,'4823644568628889','174','Oct 16, 2024','Sep 11, 2024',2,2,293),
  (357,'4799246261674','482','Nov 30, 2022','Apr 17, 2023',1,3,414),
  (358,'346726985627994','940','Mar 8, 2023','Aug 14, 2024',2,3,40),
  (359,'4916 7588 8866 4586','694','Aug 2, 2023','Oct 20, 2023',1,2,16),
  (360,'374344247815780','662','May 29, 2024','Jun 13, 2024',1,3,254),
  (361,'453985 343712 4575','578','Dec 10, 2022','Aug 31, 2023',1,3,297),
  (362,'548523 252452 1574','809','Mar 12, 2024','May 16, 2024',2,2,404),
  (363,'3754 361466 36751','242','Nov 22, 2022','May 20, 2023',2,2,15),
  (364,'555825 5249648143','929','Aug 27, 2024','Jul 12, 2024',1,2,451),
  (365,'348665584616388','639','Aug 1, 2023','Jul 19, 2024',1,2,457),
  (366,'453926 3377882614','613','Nov 6, 2023','Jul 7, 2024',1,1,241),
  (367,'3429 186138 65187','612','Mar 9, 2023','Sep 20, 2024',2,3,329),
  (368,'4556 2282 6464 2510','956','Mar 6, 2024','May 23, 2024',1,3,201),
  (369,'527297 5463168636','630','Oct 13, 2024','Jun 29, 2024',2,2,26),
  (370,'533474 5687277232','677','Mar 20, 2024','Aug 15, 2023',2,3,240),
  (371,'491 66931 83474 466','801','Feb 27, 2023','Jul 31, 2023',2,2,224),
  (372,'453242 728468 6395','633','Aug 4, 2024','Sep 28, 2024',2,2,338),
  (373,'3442 572316 26731','893','Apr 6, 2023','Jul 4, 2023',2,2,415),
  (374,'535813 594523 2628','848','May 29, 2024','Apr 10, 2024',2,1,95),
  (375,'5169241235362643','505','Dec 29, 2023','Jan 14, 2024',2,1,396),
  (376,'3742 557577 25633','378','Oct 27, 2023','Sep 19, 2023',1,2,322),
  (377,'3731 362876 74528','636','Sep 20, 2023','Nov 28, 2023',2,2,288),
  (378,'5232257451841956','580','Jan 15, 2024','Mar 27, 2023',1,1,285),
  (379,'3789 264365 31446','342','Nov 14, 2023','Oct 3, 2024',1,2,320),
  (380,'534946 228467 4356','775','Jan 11, 2024','Jul 27, 2024',2,2,131),
  (381,'5359 7622 4568 7869','364','Sep 21, 2023','Feb 3, 2024',1,3,277),
  (382,'4539624675958','855','Sep 23, 2024','Feb 15, 2024',1,3,104),
  (383,'4929432246633965','633','May 6, 2024','May 23, 2023',2,2,321),
  (384,'345857722847636','289','Nov 30, 2023','Apr 12, 2023',2,3,497),
  (385,'471682 862372 7287','799','Oct 30, 2024','Mar 28, 2023',1,2,405),
  (386,'557536 257352 8823','383','Sep 19, 2024','Aug 19, 2023',1,1,166),
  (387,'4485 8329 2156 4862','461','Dec 3, 2022','Sep 12, 2023',2,1,61),
  (388,'402 40071 78546 734','255','Sep 16, 2024','May 11, 2023',2,2,359),
  (389,'535 83675 28844 475','462','Oct 18, 2023','Apr 10, 2024',2,2,207),
  (390,'371667834912849','308','Feb 28, 2023','May 2, 2024',2,3,92),
  (391,'4024 007 14 3619','591','Apr 20, 2023','Mar 12, 2023',2,3,74),
  (392,'3724 485438 28561','682','Jul 12, 2023','Apr 30, 2023',1,2,347),
  (393,'455637 4713288230','734','Apr 2, 2024','Jul 5, 2024',1,2,91),
  (394,'347256871464467','285','Sep 3, 2023','May 5, 2024',2,2,239),
  (395,'376887381717699','495','Jul 1, 2023','Jul 1, 2024',1,3,185),
  (396,'556 53484 64657 757','580','May 26, 2024','Jul 13, 2024',2,2,262),
  (397,'347529687955682','428','Aug 17, 2024','Apr 18, 2024',1,2,335),
  (398,'455626 488448 4348','451','Jan 28, 2023','Feb 11, 2024',2,3,181),
  (399,'453226 754567 5930','218','Aug 13, 2023','Jul 29, 2024',1,2,453),
  (400,'4539 8538 3294 9956','757','Mar 17, 2024','Sep 2, 2024',2,2,434),
  (401,'5116 2465 5764 8788','956','Aug 16, 2023','Nov 25, 2023',1,2,196),
  (402,'346238729288737','832','Dec 25, 2023','May 26, 2023',1,3,350),
  (403,'547826 122556 5431','535','Sep 26, 2024','Mar 26, 2023',1,2,126),
  (404,'4024 0071 3595 4153','409','Sep 21, 2023','Oct 3, 2024',2,3,458),
  (405,'378379458934777','408','Jun 25, 2024','Jul 16, 2024',1,2,254),
  (406,'4847232336735','427','Apr 2, 2024','Aug 11, 2024',1,1,186),
  (407,'4539 836 15 7431','680','Aug 9, 2023','May 12, 2023',1,1,182),
  (408,'348813171649350','480','Nov 8, 2022','Dec 9, 2023',2,2,211),
  (409,'5236242845122467','261','Dec 28, 2022','Jan 22, 2024',2,1,360),
  (410,'4024007149483819','917','Mar 29, 2024','Jan 3, 2024',1,1,32),
  (411,'4532555636586','374','Nov 24, 2022','Sep 24, 2024',1,2,341),
  (412,'376265744538690','221','Feb 17, 2023','May 7, 2023',1,2,261),
  (413,'491 62523 11952 636','292','Nov 13, 2022','Dec 16, 2023',1,2,202),
  (414,'4916938698589740','686','Jun 27, 2024','Apr 29, 2023',2,1,10),
  (415,'492982 273474 6826','613','Jan 8, 2024','Aug 1, 2024',1,2,238),
  (416,'347865562225480','785','Sep 18, 2023','May 12, 2023',1,2,71),
  (417,'469555 6655448531','875','Jul 11, 2024','Sep 16, 2024',2,3,480),
  (418,'4929591549436531','721','Jun 27, 2023','Mar 19, 2024',1,3,53),
  (419,'5244 2757 5149 6269','168','Jan 8, 2024','Apr 14, 2023',1,2,125),
  (420,'4716465898185766','731','Jun 1, 2023','Sep 23, 2024',1,3,43),
  (421,'3462 144442 53264','826','Oct 4, 2023','Jun 7, 2024',2,1,272),
  (422,'5457242928263230','335','Jul 20, 2023','Feb 6, 2024',2,3,372),
  (423,'552335 285475 9588','976','Dec 19, 2023','Dec 6, 2023',1,2,344),
  (424,'342535381571571','289','Feb 11, 2024','May 6, 2024',2,2,106),
  (425,'4532 6529 7896 3335','290','Dec 2, 2022','Apr 27, 2023',2,1,107),
  (426,'3794 527151 24737','986','Mar 12, 2023','Jul 22, 2024',2,3,403),
  (427,'453 93349 88661 299','475','Aug 25, 2024','Mar 20, 2024',1,2,206),
  (428,'524 37243 67683 779','172','Aug 1, 2024','Dec 20, 2023',2,2,245),
  (429,'347476854528183','957','Mar 11, 2024','Feb 19, 2024',1,1,56),
  (430,'5465282574552874','298','Jun 17, 2023','Oct 25, 2024',1,2,451),
  (431,'514 82874 48376 686','476','Nov 23, 2023','Apr 10, 2023',2,1,17),
  (432,'4777 182 89 5382','341','Nov 19, 2022','Jan 7, 2024',2,2,488),
  (433,'376775757174829','585','Apr 27, 2024','Sep 12, 2024',2,1,360),
  (434,'4916 2346 2734 4930','172','Apr 1, 2024','Sep 2, 2023',2,3,48),
  (435,'529929 8827833624','976','May 9, 2023','Aug 7, 2024',2,1,129),
  (436,'545326 832929 7844','846','Nov 17, 2023','May 4, 2024',2,1,490),
  (437,'344549425749554','269','Apr 13, 2023','Mar 22, 2023',2,3,66),
  (438,'3458 322754 31443','356','Apr 18, 2024','Feb 22, 2024',1,3,467),
  (439,'515656 482368 9795','897','Sep 18, 2024','Apr 14, 2023',1,3,13),
  (440,'5574416542348852','423','Jul 7, 2023','Sep 9, 2024',1,2,435),
  (441,'347222684295522','244','Aug 22, 2023','May 13, 2024',1,3,191),
  (442,'547463 8882877643','592','Apr 10, 2024','Sep 19, 2024',2,2,20),
  (443,'471695 593125 2482','792','Apr 19, 2024','Oct 10, 2024',1,3,348),
  (444,'5588 5658 7877 3861','817','Apr 7, 2023','Nov 20, 2023',1,1,372),
  (445,'4532578841825','130','Oct 9, 2023','May 24, 2023',1,2,336),
  (446,'4539 4237 5388 4358','354','Jul 15, 2024','Jan 25, 2024',2,3,484),
  (447,'378525469833578','755','Nov 8, 2023','Mar 15, 2024',2,2,90),
  (448,'5325835752639878','671','Mar 17, 2024','Jun 12, 2023',1,1,308),
  (449,'348647855253125','856','Sep 27, 2023','Apr 16, 2024',1,1,153),
  (450,'3745 337831 39940','908','Apr 10, 2023','Jan 17, 2024',1,3,353),
  (451,'346236162643228','790','Dec 8, 2022','Jun 15, 2024',2,1,339),
  (452,'374866833831573','662','Jan 24, 2023','Aug 6, 2024',2,2,166),
  (453,'471 63839 36198 339','375','Oct 13, 2023','Jul 3, 2024',1,2,236),
  (454,'448 56499 56229 827','625','Apr 9, 2023','Nov 22, 2023',1,2,204),
  (455,'5123173787772355','639','Sep 29, 2023','Sep 26, 2023',1,3,220),
  (456,'5341 8221 2588 9877','730','Aug 6, 2024','Apr 5, 2023',2,1,64),
  (457,'3434 328352 62461','544','Feb 1, 2024','Aug 22, 2023',1,3,8),
  (458,'5228 2135 8386 6920','952','Jul 3, 2023','Mar 12, 2024',1,1,412),
  (459,'4916 833 55 6445','384','Apr 13, 2023','Jul 11, 2023',2,2,113),
  (460,'3723 446157 76392','734','Jun 4, 2023','Mar 23, 2024',1,1,38),
  (461,'3442 435842 65582','330','Oct 6, 2024','Jun 15, 2023',2,2,264),
  (462,'5416466297258634','590','Jul 8, 2024','Mar 19, 2023',1,2,250),
  (463,'375257359722470','968','Feb 28, 2023','Apr 29, 2023',2,3,399),
  (464,'346815823354638','363','Nov 28, 2023','Aug 29, 2024',2,1,242),
  (465,'492984 6358749725','808','Apr 4, 2024','Apr 23, 2024',2,1,441),
  (466,'5348 2714 2274 6575','528','Nov 1, 2023','Oct 23, 2024',1,3,126),
  (467,'3427 587759 34482','150','Dec 10, 2023','Jul 19, 2024',2,3,402),
  (468,'4556 3552 4568 8831','585','Dec 10, 2023','Jul 8, 2023',2,2,6),
  (469,'3774 486322 87278','643','Feb 5, 2024','Nov 22, 2023',2,3,428),
  (470,'5463964635576768','876','Dec 22, 2022','Oct 12, 2023',2,2,481),
  (471,'3486 834785 36323','620','Mar 12, 2024','Sep 21, 2024',1,1,257),
  (472,'4024 0071 2226 6843','795','Aug 28, 2024','Apr 5, 2024',1,2,139),
  (473,'5356 2383 3425 7826','341','May 3, 2024','Aug 29, 2023',1,2,130),
  (474,'554689 1882577341','737','Aug 18, 2024','Apr 3, 2023',1,1,98),
  (475,'5493828332618740','178','Aug 1, 2024','Apr 12, 2023',2,2,91),
  (476,'548784 4753383787','209','Mar 2, 2024','Aug 13, 2023',1,2,388),
  (477,'3415 798885 25285','271','Oct 11, 2023','Sep 26, 2023',1,2,455),
  (478,'5339132158727166','617','Jul 14, 2024','May 6, 2024',1,3,115),
  (479,'483 45673 34487 172','204','Apr 8, 2024','Apr 7, 2023',1,2,222),
  (480,'545556 9888115576','292','Jan 12, 2024','May 19, 2023',1,1,404),
  (481,'453 96812 67283 959','695','Feb 7, 2024','Oct 3, 2024',1,1,314),
  (482,'4716593328880','621','Nov 20, 2023','Apr 8, 2023',1,3,416),
  (483,'471648 966873 3449','286','Jun 2, 2024','Jun 23, 2024',2,3,277),
  (484,'3487 852776 31625','323','Nov 19, 2022','Dec 19, 2023',2,1,195),
  (485,'3729 567629 87645','552','Dec 27, 2023','Sep 11, 2024',2,3,143),
  (486,'4024007166767367','482','Mar 31, 2023','Oct 31, 2024',1,2,31),
  (487,'343934731684425','116','Sep 4, 2024','Apr 21, 2023',2,2,199),
  (488,'448544 649346 8764','984','May 4, 2024','Apr 25, 2024',1,1,126),
  (489,'378251525982776','926','Jan 16, 2023','Oct 14, 2024',1,2,291),
  (490,'3432 217776 34450','505','May 9, 2024','Aug 19, 2023',1,2,484),
  (491,'377512561631341','189','Jan 2, 2023','Oct 28, 2023',1,3,283),
  (492,'512 67758 75957 974','558','Feb 21, 2023','Mar 15, 2024',1,2,224),
  (493,'514342 681426 2246','630','Aug 4, 2024','Oct 7, 2024',2,3,93),
  (494,'471635 7783535447','605','Jun 20, 2024','Dec 14, 2023',1,3,345),
  (495,'377545237588461','866','Jun 11, 2024','Dec 19, 2023',1,1,214),
  (496,'557738 655579 7633','156','Apr 1, 2023','Nov 9, 2023',2,2,242),
  (497,'518 85243 97253 834','802','May 12, 2023','Jan 8, 2024',1,1,291),
  (498,'527324 9546258890','964','Dec 25, 2023','Mar 30, 2024',1,1,266),
  (499,'534 12638 88858 975','206','Dec 29, 2023','Oct 19, 2024',2,2,250),
(500,'402 40071 22472 854','534','Oct 8, 2024','May 11, 2024',1,3,185);

INSERT INTO `direccion` (`id`,`calle`,`ciudad`,`codigo_postal`,`pais`)
VALUES
  (1,'P.O. Box 257, 563 Non St.','Aurora','52751','South Africa'),
  (2,'Ap #526-5018 Neque. Street','Paraíso','4968','Ireland'),
  (3,'P.O. Box 746, 2792 Fermentum Av.','Cork','69566','Ukraine'),
  (4,'595-5044 Sed Road','Sète','407044','Brazil'),
  (5,'980-2201 Risus. Road','Pioneer','526545','Colombia'),
  (6,'3707 Pellentesque Av.','Aizwal','391734','India'),
  (7,'P.O. Box 182, 7421 Ante Av.','Quirihue','93434','Colombia'),
  (8,'429-6010 Mattis Rd.','Tromsø','67764','Turkey'),
  (9,'Ap #699-7941 Vehicula St.','Osasco','4678','Nigeria'),
  (10,'321-7472 Ac Road','Tongrinne','385523','Canada'),
  (11,'Ap #648-3044 Ut Rd.','Seletar','666027','Mexico'),
  (12,'Ap #617-194 Ornare, Road','North Shore','15287','Canada'),
  (13,'2374 Amet Ave','Inner Mongolia','63571-64557','Germany'),
  (14,'374-6151 Arcu. Rd.','Galway','4091','Germany'),
  (15,'3150 Egestas. Rd.','Roodepoort','722855','Belgium'),
  (16,'1068 Maecenas Street','Bischofshofen','49-756','Mexico'),
  (17,'955-2313 Cursus Street','Velden am Wörther See','73870','Pakistan'),
  (18,'245-551 Arcu. Avenue','Elbistan','929382','France'),
  (19,'P.O. Box 622, 6581 Eros. Street','Vienna','34758','Poland'),
  (20,'Ap #506-4245 Vivamus Avenue','Dublin','634181','Spain'),
  (21,'Ap #650-5130 Vestibulum St.','Ormoc','774170','Spain'),
  (22,'8369 Sit Ave','Almere','27471','United Kingdom'),
  (23,'P.O. Box 500, 5349 Luctus Rd.','Saint John','46855-75563','South Korea'),
  (24,'Ap #693-4702 Arcu. St.','Pekanbaru','7248','Ukraine'),
  (25,'771-3418 Nulla Road','Sungai Penuh','12591','Norway'),
  (26,'9540 Ridiculus Rd.','Gebze','29535','Peru'),
  (27,'674-8172 Nec Avenue','Asan','33817','Canada'),
  (28,'752-676 Montes, Avenue','Baulers','4138','Poland'),
  (29,'3728 Dapibus Street','Greymouth','65416','Costa Rica'),
  (30,'Ap #198-3848 Tristique Rd.','Cork','347517','Chile'),
  (31,'1262 Ligula. Road','Newmarket','17-42','Netherlands'),
  (32,'P.O. Box 120, 6523 Arcu. Ave','Lodine','4668','Austria'),
  (33,'Ap #120-5919 Erat St.','Putre','216144','Australia'),
  (34,'415-7936 Venenatis Rd.','Ghanche','152770','Brazil'),
  (35,'561-8420 Sit St.','Tidore','455199','United Kingdom'),
  (36,'667-4456 In Avenue','Culiacán','5408','United States'),
  (37,'707-9804 Amet, Av.','Smila','7833','Colombia'),
  (38,'Ap #294-4509 Dolor Rd.','Jelenia Góra','62227','Ireland'),
  (39,'731-420 Lorem, Ave','Villahermosa','668449','Belgium'),
  (40,'Ap #237-2580 Adipiscing Rd.','Kapiti','395421','South Korea'),
  (41,'8175 Augue. St.','Almelo','57423-72564','Russian Federation'),
  (42,'595-870 Curabitur St.','Ceuta','357458','Ireland'),
  (43,'258-3653 Ut Rd.','Wolfurt','59684','France'),
  (44,'881-7456 Sociis Street','Batangas City','50883','Netherlands'),
  (45,'P.O. Box 318, 908 Gravida Ave','St. Albert','T6J 8K3','Norway'),
  (46,'P.O. Box 889, 9385 Pellentesque Road','Harlech','5243','Spain'),
  (47,'Ap #736-143 Turpis. Street','El Salvador','21214','Ireland'),
  (48,'Ap #252-5515 Ornare Rd.','Paulatuk','2317-6433','Brazil'),
  (49,'208-848 Vulputate, St.','Ghotki','05282','Chile'),
  (50,'314-8412 Sit Rd.','Sandnessjøen','N0P 7G2','Spain'),
  (51,'Ap #625-7596 Eu Ave','Waitara','172873','South Africa'),
  (52,'P.O. Box 138, 2864 Accumsan Avenue','Jeju','41205','Ireland'),
  (53,'8908 Condimentum Street','Jiangsu','5834','Belgium'),
  (54,'Ap #450-4463 Praesent Road','Ludvika','02554','Turkey'),
  (55,'Ap #451-9287 Nulla St.','Märsta','9912','Vietnam'),
  (56,'508-5242 Tellus St.','Tengah','170476','Norway'),
  (57,'P.O. Box 104, 6249 Ultrices St.','Husum','59722','Canada'),
  (58,'476-4309 Velit Road','Katowice','7748','France'),
  (59,'4888 Nulla Av.','Potchefstroom','5519-0087','Mexico'),
  (60,'P.O. Box 746, 5067 Fringilla Road','Tibet','368844','Pakistan'),
  (61,'Ap #314-220 Eget Ave','Pacasmayo','45733','Pakistan'),
  (62,'2352 Convallis Rd.','Wedel','54178','Chile'),
  (63,'Ap #632-8403 Egestas St.','Lacombe County','59224','Canada'),
  (64,'Ap #914-7907 Tincidunt. Av.','Chalon-sur-Saône','3656','Poland'),
  (65,'3505 Ut, St.','Oroquieta','4887','Australia'),
  (66,'1063 Mi. Road','Ulundi','6346','Ireland'),
  (67,'797-3442 Massa Ave','Lugo','43470','Russian Federation'),
  (68,'581-697 Erat, Av.','Bukit Batok','3651','Sweden'),
  (69,'434-911 Sed St.','Imperatriz','174134','South Korea'),
  (70,'Ap #922-414 Lectus Road','Juliaca','25268','United States'),
  (71,'Ap #137-3848 Ante Road','Seydişehir','261242','Russian Federation'),
  (72,'P.O. Box 445, 6072 Mauris Street','Ollagüe','37434','Vietnam'),
  (73,'3047 Donec Av.','Thames','971538','Ireland'),
  (74,'848-1442 Quisque St.','Novosibirsk','23161','South Africa'),
  (75,'Ap #456-275 Nec Av.','Guangxi','574374','Sweden'),
  (76,'5028 Turpis Avenue','Edmundston','2849','South Africa'),
  (77,'9941 Dictum Ave','Paraíso','78260','Australia'),
  (78,'Ap #889-9888 In St.','Baddeck','5083','United Kingdom'),
  (79,'P.O. Box 926, 1967 Ullamcorper Rd.','Opole','95686','Norway'),
  (80,'731-7444 Amet Avenue','Wilmington','33472','Pakistan'),
  (81,'7218 Consectetuer Ave','Los Lagos','896219','Philippines'),
  (82,'800-2240 Nulla Av.','Cajamarca','58671','Netherlands'),
  (83,'P.O. Box 654, 7562 Consequat, Street','Kropyvnytskyi','8107','United Kingdom'),
  (84,'P.O. Box 177, 6318 Aptent Road','Belfast','358480','South Korea'),
  (85,'4034 Aliquam Av.','Hubei','49635','Ireland'),
  (86,'Ap #725-8933 Et Ave','Brechin','1408-6845','Pakistan'),
  (87,'Ap #583-7341 Egestas. Avenue','Leonding','445334','Germany'),
  (88,'2801 Lorem, Ave','Arbroath','48961','United Kingdom'),
  (89,'469-8990 Eu Ave','Hebei','01593','Indonesia'),
  (90,'184-7069 Imperdiet St.','Edmonton','1330','France'),
  (91,'254-6870 Amet, Road','Cartagena','14574','South Korea'),
  (92,'191-1968 Ornare, Av.','Hervey Bay','686908','Nigeria'),
  (93,'Ap #770-6249 Nec Rd.','Borlänge','287288','France'),
  (94,'983-9890 Lacinia. Road','Ancaster Town','46337','Nigeria'),
  (95,'P.O. Box 427, 2965 Ut Road','Baden','724229','Peru'),
  (96,'Ap #532-5525 Ipsum St.','Motala','81193','Austria'),
  (97,'P.O. Box 554, 1793 Metus Road','Borlänge','219245','Norway'),
  (98,'Ap #328-6561 Vitae, Road','Porsgrunn','785597','Brazil'),
  (99,'9556 Aliquam Road','Montluçon','262548','South Korea'),
  (100,'Ap #642-1010 Ipsum St.','Nushki','36-633','New Zealand'),
  (101,'295-5221 Fames Avenue','Limón (Puerto Limón]','33778','Peru'),
  (102,'493-9172 Risus, Av.','Culemborg','89114-363','Canada'),
  (103,'Ap #520-1657 Molestie Rd.','Columbia','88445','Peru'),
  (104,'478-3947 Viverra. Street','Dieppe','94172','New Zealand'),
  (105,'3745 Fusce Rd.','Allein','422672','Indonesia'),
  (106,'4941 Parturient Avenue','Yogyakarta','4785 TD','United Kingdom'),
  (107,'Ap #134-2919 Arcu Ave','Brandenburg','14264','Canada'),
  (108,'6758 Nibh Rd.','Kalgoorlie-Boulder','45-641','Pakistan'),
  (109,'165-5285 Nascetur St.','Londrina','291937','Singapore'),
  (110,'Ap #335-6452 Donec Street','Viranşehir','9795','Ireland'),
  (111,'845-3783 Eget Rd.','Bedok','104679','United States'),
  (112,'Ap #930-767 At, Av.','Melville','322979','Austria'),
  (113,'544-8069 Justo Rd.','Paillaco','2437-4171','Austria'),
  (114,'Ap #343-7027 Sit Av.','Duitama','5421-0047','Ukraine'),
  (115,'Ap #209-6356 Sodales Street','Arequipa','4844-3008','Ireland'),
  (116,'Ap #774-6545 Donec Rd.','Stalowa Wola','762854','Singapore'),
  (117,'1951 Curabitur Av.','Kupang','34648','Mexico'),
  (118,'827-8047 Mattis Avenue','Cork','660483','South Korea'),
  (119,'4996 Ac, Rd.','Jedburgh','64553','Vietnam'),
  (120,'835-4931 Magna. Street','Zaragoza','210832','Nigeria'),
  (121,'Ap #611-1521 Diam St.','Deurne','45-23','Ireland'),
  (122,'Ap #259-7960 Nam St.','Grand-RosiŽre-Hottomont','9382-0722','Ukraine'),
  (123,'P.O. Box 306, 6498 Pede Ave','Finspång','21924','Vietnam'),
  (124,'4447 Urna. Street','Tebing Tinggi','156408','Pakistan'),
  (125,'3962 Iaculis Road','Tver','30443','France'),
  (126,'Ap #959-3533 Tincidunt Rd.','Temuka','2861','Austria'),
  (127,'298 Turpis. St.','Pangkalpinang','7875','Netherlands'),
  (128,'Ap #520-9034 Dolor Road','Denpasar','363578','Chile'),
  (129,'Ap #276-3806 Dui. Avenue','Thames','J6P 3P2','New Zealand'),
  (130,'2650 Dignissim Ave','Aydın','9761','China'),
  (131,'Ap #623-1112 Amet Rd.','Pınarbaşı','247090','Mexico'),
  (132,'Ap #651-4469 Eu Avenue','Saalfelden am Steinernen Meer','69028','Costa Rica'),
  (133,'123-1929 Fringilla Ave','Mitú','14-566','France'),
  (134,'373-9120 Penatibus Rd.','Karacabey','8118','South Korea'),
  (135,'168-2071 Scelerisque St.','Rendsburg','32-158','Costa Rica'),
  (136,'Ap #859-4617 Nibh Street','San Pedro','6264','Turkey'),
  (137,'664-544 Vehicula St.','Galway','438531','Russian Federation'),
  (138,'P.O. Box 293, 1135 Montes, Av.','Biên Hòa','154222','United States'),
  (139,'P.O. Box 799, 2591 Laoreet Ave','Agartala','379498','United Kingdom'),
  (140,'4296 Ridiculus Road','Oamaru','54478','Austria'),
  (141,'Ap #386-7651 Leo. Av.','Gore','7604-4212','France'),
  (142,'P.O. Box 422, 7155 Pretium Avenue','Van','587915','Indonesia'),
  (143,'Ap #670-1290 Adipiscing Street','Chepén','3601','Ireland'),
  (144,'4125 Adipiscing Road','Kirriemuir','685356','Nigeria'),
  (145,'9146 Fermentum St.','South Jakarta','7731','China'),
  (146,'P.O. Box 770, 1453 Vitae St.','Whitehorse','1853 KF','Chile'),
  (147,'866-9320 Luctus Avenue','Dole','54918','Costa Rica'),
  (148,'355-1129 Vulputate Rd.','Birecik','18156','Turkey'),
  (149,'583-7933 Ornare St.','Ikot Ekpene','79-393','Turkey'),
  (150,'8646 Tristique St.','Newcastle','85010','Colombia'),
  (151,'P.O. Box 664, 9443 Nullam Street','Skovorodino','538114','Turkey'),
  (152,'P.O. Box 196, 5976 Per Rd.','Viranşehir','20618','India'),
  (153,'Ap #841-4125 Phasellus St.','Pont-Saint-Martin','188140','Pakistan'),
  (154,'870-837 Vel Street','Herdersem','83761','Spain'),
  (155,'Ap #380-3722 Massa. St.','Galway','139784','Russian Federation'),
  (156,'P.O. Box 345, 9220 Tellus Street','Melilla','71860','Ireland'),
  (157,'Ap #495-5770 Nonummy Street','Lozova','0388','Belgium'),
  (158,'7917 In, St.','Vilcún','4856','China'),
  (159,'Ap #119-3228 Turpis Street','Cáceres','5966','Turkey'),
  (160,'178-248 Elit. St.','Dublin','415662','Singapore'),
  (161,'7844 Erat Road','San Rafael','7465','New Zealand'),
  (162,'9215 Fringilla Rd.','Việt Trì','47831-91023','Brazil'),
  (163,'2352 Bibendum St.','Bandar Lampung','6516 EA','Spain'),
  (164,'P.O. Box 230, 5749 Tristique Avenue','Kremenchuk','78-475','Peru'),
  (165,'P.O. Box 895, 5132 Ac, Rd.','Viranşehir','5656','Russian Federation'),
  (166,'Ap #778-2399 Duis Av.','Khyber Agency','5175','Canada'),
  (167,'3745 Cursus Ave','Daman','277573','Norway'),
  (168,'P.O. Box 947, 7512 Lorem, Ave','Bozeman','47533','Belgium'),
  (169,'893-3968 Euismod St.','Seraing','59227','Sweden'),
  (170,'P.O. Box 768, 7620 Et Rd.','Dole','7527','Italy'),
  (171,'733-6647 Posuere Rd.','Alva','274508','Costa Rica'),
  (172,'Ap #677-4453 Iaculis St.','Sembawang','LN91 4VG','Ukraine'),
  (173,'295-2169 Magna Av.','Mitú','64581','Germany'),
  (174,'P.O. Box 869, 4534 Magnis Ave','Hulst','8918-8819','Canada'),
  (175,'Ap #763-3801 Lectus Av.','Llangefni','576821','Nigeria'),
  (176,'9982 Nec Ave','Mala','47-19','Austria'),
  (177,'506-1510 Elementum, Road','Tuxtla Gutiérrez','151496','Indonesia'),
  (178,'783-9355 Vestibulum. St.','Ningxia','17561','Brazil'),
  (179,'348-7878 Morbi St.','Siquirres','7485','Canada'),
  (180,'1067 At St.','Campbelltown','71818','Spain'),
  (181,'Ap #704-5834 Dolor, Road','Fratta Todina','42644','Pakistan'),
  (182,'P.O. Box 977, 5043 Vestibulum St.','Pievepelago','24433','Mexico'),
  (183,'Ap #833-4084 Vehicula. Rd.','Port Augusta','33680','Singapore'),
  (184,'996 Purus Avenue','Waitakere','37418','Indonesia'),
  (185,'910-9028 Metus. Ave','Verrès','88-23','Singapore'),
  (186,'513-8965 Neque. Road','Pietermaritzburg','3402','Colombia'),
  (187,'207-9807 Massa. St.','Biloxi','24863','Spain'),
  (188,'Ap #228-245 Semper Street','Banda Aceh','41165','United Kingdom'),
  (189,'643-6001 Tellus Street','Canterano','34307','China'),
  (190,'Ap #131-8113 Laoreet Street','Arviat','30602','China'),
  (191,'937-2829 Placerat Road','Cochrane','34745','India'),
  (192,'P.O. Box 202, 4241 Hymenaeos. Ave','Tanjung Pinang','25214','Sweden'),
  (193,'Ap #631-6757 Tristique Rd.','Orkanger','6813','Singapore'),
  (194,'5025 Magna Ave','Bedok','25145','Vietnam'),
  (195,'973-4943 Sagittis. Street','Garzón','XR70 3BY','India'),
  (196,'P.O. Box 854, 9298 Ac Avenue','Cajamarca','7910','Nigeria'),
  (197,'341-2364 Venenatis Ave','Bridgnorth','287583','Colombia'),
  (198,'5710 Porttitor Ave','Ełk','3345','Turkey'),
  (199,'130-1065 Tempus, St.','Fort McPherson','2381','Mexico'),
  (200,'P.O. Box 645, 2736 Eros. Road','Kinh Môn','25451','South Korea'),
  (201,'Ap #983-9516 Egestas Rd.','Marikina','63W 6M1','Germany'),
  (202,'P.O. Box 853, 3949 Phasellus St.','Arendal','51968','Austria'),
  (203,'Ap #133-3982 Felis Road','Utrecht','8658','United States'),
  (204,'Ap #796-4313 Convallis, Street','Port Augusta','J8H 7E4','Vietnam'),
  (205,'687-3500 Odio. Road','Launceston','00912','Nigeria'),
  (206,'Ap #686-6665 Tincidunt. Ave','Nicoya','418478','New Zealand'),
  (207,'Ap #872-4447 Lorem Ave','Bollnäs','43231-754','Costa Rica'),
  (208,'Ap #484-9555 Lacinia Avenue','Dehradun','927959','Germany'),
  (209,'P.O. Box 567, 2690 Dis St.','San Nicolás de los Garza','R3G 8K5','Norway'),
  (210,'621-8852 Justo Rd.','Leerbeek','27288','Ireland'),
  (211,'281-770 A, Street','Karacabey','1998','Chile'),
  (212,'544-5924 In Avenue','Iksan','7327 SA','Peru'),
  (213,'889-1986 Odio Road','Henan','214877','Sweden'),
  (214,'P.O. Box 400, 5923 Velit. Street','Salt Lake City','84-86','Pakistan'),
  (215,'8808 Pede Rd.','Watson Lake','364188','United States'),
  (216,'Ap #107-2421 Neque St.','Hamme','7839','Netherlands'),
  (217,'462-9043 Senectus Av.','Hervey Bay','22052-68573','Chile'),
  (218,'Ap #755-876 Et St.','Vieste','38591','Ireland'),
  (219,'P.O. Box 844, 4575 Eros Ave','Kharmang','26427-71657','Indonesia'),
  (220,'724-3149 Cursus St.','Sibolga','447465','India'),
  (221,'Ap #975-7016 Curabitur St.','Kherson','801102','France'),
  (222,'176-283 Imperdiet Av.','Musakhel','5923','Poland'),
  (223,'6771 Senectus Road','Tando Allahyar','24682','Peru'),
  (224,'Ap #384-2757 Quis Avenue','Tomohon','7229','New Zealand'),
  (225,'Ap #518-1514 Quisque Av.','Borås','1030','Vietnam'),
  (226,'Ap #371-1852 Donec Avenue','Cisnes','18241','Ukraine'),
  (227,'952-8323 At Ave','Meißen','72235','South Africa'),
  (228,'3436 Fermentum Av.','Tuy Hòa','4525','Colombia'),
  (229,'Ap #851-8683 Vel Road','Paya Lebar','12883','Germany'),
  (230,'P.O. Box 387, 7302 Ligula Street','Jönköping','5616','Ireland'),
  (231,'921-6193 Urna. Ave','Lillehammer','02832','Peru'),
  (232,'922-4032 Non Rd.','Davenport','2373','Philippines'),
  (233,'700-1496 Vestibulum Avenue','Skardu','2532','Brazil'),
  (234,'Ap #773-7322 Aliquam St.','Townsville','PU8 8RE','Canada'),
  (235,'P.O. Box 112, 2868 Nisi. Ave','Cappelle sul Tavo','74840-88778','Canada'),
  (236,'4625 Eu Av.','Körfez','R22 5FX','Netherlands'),
  (237,'Ap #868-8648 Lacinia Rd.','Trazegnies','64235','Chile'),
  (238,'P.O. Box 378, 2339 Eu, St.','Newcastle','3023','Peru'),
  (239,'789-1171 Felis, Avenue','Nijmegen','538724','Australia'),
  (240,'773-1627 Morbi Rd.','Soledad de Graciano Sánchez','633693','United States'),
  (241,'858-3636 Vitae, St.','Lozova','515483','Spain'),
  (242,'Ap #848-9408 Ipsum Ave','Münster','36225','Germany'),
  (243,'Ap #467-6955 Eget, Rd.','Des Moines','69952','Australia'),
  (244,'3076 Augue Street','Bihar Sharif','41107','Australia'),
  (245,'Ap #182-1007 Interdum Road','Paradise','9538','Canada'),
  (246,'Ap #176-2577 Commodo Avenue','Didim','179142','South Korea'),
  (247,'P.O. Box 804, 4702 Quis Road','Harlingen','33729','Indonesia'),
  (248,'583-6339 Vel Av.','Phủ Lý','88143','France'),
  (249,'9567 Lectus, St.','Iquitos','08988','Philippines'),
  (250,'313-295 Integer Rd.','Zaria','7813','India'),
  (251,'P.O. Box 761, 3457 Varius. Road','Konin','25251','Germany'),
  (252,'Ap #708-9390 Scelerisque St.','Poltava','6707','Turkey'),
  (253,'Ap #343-847 Quam St.','Calama','834043','Vietnam'),
  (254,'256-2880 Rutrum. Rd.','Tejar','87605','Philippines'),
  (255,'5845 Id, St.','Murmansk','43152','Pakistan'),
  (256,'764-9863 Vestibulum St.','Uyo','1360 FH','United States'),
  (257,'P.O. Box 792, 3813 At, St.','Canberra','76762-911','Philippines'),
  (258,'113-9909 Ridiculus Rd.','Saalfelden am Steinernen Meer','19613','South Korea'),
  (259,'953-735 Arcu. Road','Hubei','328746','France'),
  (260,'220-8453 Volutpat. St.','Blenheim','927493','Russian Federation'),
  (261,'P.O. Box 339, 2793 Euismod Av.','Campina Grande','Y9 7TE','Italy'),
  (262,'Ap #795-2637 Quisque Rd.','Bais','11426','Peru'),
  (263,'Ap #954-2987 Ac, Street','Vienna','S7M 8B7','France'),
  (264,'471-3004 Adipiscing Rd.','Makati','24914','Brazil'),
  (265,'Ap #977-1362 Egestas. Road','Đà Nẵng','S3N 0J5','France'),
  (266,'Ap #744-4453 Libero. St.','Liernu','23866','Turkey'),
  (267,'Ap #205-4938 Ante. Rd.','Toronto','75-912','Germany'),
  (268,'P.O. Box 364, 9765 Enim Street','Patos','86667','Pakistan'),
  (269,'212-2156 Interdum. Rd.','Liaoning','96268','South Africa'),
  (270,'Ap #291-6527 Nullam St.','Perquenco','1424','Norway'),
  (271,'Ap #655-5577 Dictum Rd.','Gunsan','47445','Brazil'),
  (272,'437-4734 Diam. Street','Belfast','50708','United Kingdom'),
  (273,'3256 Cubilia St.','Ambon','36402','Ireland'),
  (274,'Ap #205-5714 Dolor Rd.','Zielona Góra','52497-58851','Spain'),
  (275,'P.O. Box 135, 5129 Nunc Avenue','Gijón','8740','Peru'),
  (276,'887-8798 Tincidunt Ave','Puerto López','41-65','France'),
  (277,'Ap #132-7931 Nunc Rd.','Iksan','U3L 7R3','Belgium'),
  (278,'Ap #974-673 Lobortis Road','Kitsman','75620','Pakistan'),
  (279,'Ap #370-7148 Ipsum St.','Bukit Panjang','9648 YT','Norway'),
  (280,'Ap #667-6315 At Rd.','Tournefeuille','63-350','Poland'),
  (281,'6081 Dui. Road','Tierralta','9117','South Africa'),
  (282,'Ap #514-4770 Ipsum. St.','Gboko','1450','New Zealand'),
  (283,'387-6517 Erat Av.','Ceuta','78582','Brazil'),
  (284,'934 Ut, Street','Vallenar','28-203','Australia'),
  (285,'2854 Tempus, St.','Dunedin','70-087','Ireland'),
  (286,'759-261 Felis Av.','Beijing','238406','India'),
  (287,'7525 Mus. Rd.','Baardegem','8219 GD','Chile'),
  (288,'Ap #452-8205 Eu St.','Rustenburg','A7R 6Z1','Ireland'),
  (289,'Ap #676-994 Nonummy Rd.','Sơn La','2666','Vietnam'),
  (290,'Ap #298-9557 Etiam Rd.','Jambi','23243','Turkey'),
  (291,'Ap #110-9362 Dis St.','Juazeiro','8867','Belgium'),
  (292,'P.O. Box 200, 3416 Ipsum. Rd.','Bruck an der Mur','1272','Australia'),
  (293,'Ap #645-7003 Lorem St.','San Pedro','413203','Germany'),
  (294,'Ap #535-3963 Nullam Street','Puerto Guzmán','718377','United States'),
  (295,'Ap #370-3342 Elit. Ave','Barranca','1867','Canada'),
  (296,'P.O. Box 354, 4430 Tristique Street','Aguazul','24668-28982','South Africa'),
  (297,'Ap #552-4410 Quis St.','Topeka','333881','Ireland'),
  (298,'6200 Neque Ave','Ghizer','802868','Netherlands'),
  (299,'716-6374 Sed Ave','Söke','84814','Mexico'),
  (300,'Ap #200-8779 Sollicitudin Av.','Talgarth','Y0S 2S3','Singapore'),
  (301,'Ap #823-5875 Blandit Road','Steyr','236171','Brazil'),
  (302,'Ap #442-4160 Tempor St.','Bima','64583','Pakistan'),
  (303,'732-1837 Vivamus Av.','Barranca','74190','Norway'),
  (304,'1418 Purus Ave','Cà Mau','96574','Italy'),
  (305,'Ap #420-5038 Metus. Rd.','Alingsås','92276-415','Nigeria'),
  (306,'232-1410 Non, Rd.','Águas Lindas de Goiás','28471','Australia'),
  (307,'Ap #132-8019 Faucibus Ave','Limoges','3383-9510','South Africa'),
  (308,'343-6079 Fermentum Av.','Rekem','2739','Russian Federation'),
  (309,'973-7621 Nibh. Ave','Kurgan','77-75','Singapore'),
  (310,'Ap #620-6435 Eu Ave','Tambov','43535','Indonesia'),
  (311,'Ap #357-9804 Quis, St.','Awka','m6A 1W8','Russian Federation'),
  (312,'2131 Ridiculus Street','Mauá','3777-3373','Brazil'),
  (313,'2659 Vulputate, Av.','Southaven','6651','Canada'),
  (314,'858 Urna. Road','Piła','14658','Netherlands'),
  (315,'Ap #887-3749 Eleifend Street','Olmen','0201 UB','Germany'),
  (316,'9742 Nullam St.','Schifferstadt','M6X 2N4','China'),
  (317,'4802 Morbi St.','Chartres','237252','France'),
  (318,'1069 Elit, St.','Pak Pattan','73430','Brazil'),
  (319,'Ap #272-1955 Elit. St.','Rustenburg','5532','Italy'),
  (320,'Ap #128-4176 Nullam St.','Tullibody','30003','Canada'),
  (321,'206-1009 Suspendisse Rd.','Dubbo','85483','United States'),
  (322,'P.O. Box 438, 3559 Rhoncus. Avenue','Arica','49024','France'),
  (323,'Ap #586-8317 Elit. St.','Guadalupe','20419','Ireland'),
  (324,'1166 Curabitur Ave','Berlin','66-666','Russian Federation'),
  (325,'256-5876 Id, Av.','Izium','48406-49572','China'),
  (326,'Ap #301-2819 Cras St.','Smolensk','05-650','Germany'),
  (327,'Ap #468-8760 Proin St.','Camaçari','401897','Vietnam'),
  (328,'699-5901 A Rd.','Gongju','07824','Spain'),
  (329,'Ap #915-3717 Commodo Street','Mielec','385182','Russian Federation'),
  (330,'P.O. Box 808, 9754 Imperdiet St.','Inner Mongolia','764376','Netherlands'),
  (331,'Ap #170-5977 Non Road','Iksan','866395','Russian Federation'),
  (332,'Ap #602-6332 Suscipit, Rd.','Borås','683865','United States'),
  (333,'8485 Erat. Avenue','Puerto Carreño','A3Y 1P0','Pakistan'),
  (334,'324-3717 Facilisi. Rd.','Lutsk','72730','United Kingdom'),
  (335,'6897 Facilisis, Avenue','Yogyakarta','7026','Ukraine'),
  (336,'P.O. Box 105, 4565 Nisi St.','Chalon-sur-Saône','964754','Peru'),
  (337,'Ap #482-5862 Ultrices Rd.','Pemberton','328979','Turkey'),
  (338,'P.O. Box 755, 7734 Vitae Avenue','Victor Harbor','K4G 5L7','United Kingdom'),
  (339,'Ap #413-5418 Id, Street','Mati','47776','Costa Rica'),
  (340,'720-6085 Magna. Road','Dillingen','8640 PV','Costa Rica'),
  (341,'965-6339 Nec Av.','Lugo','44836-772','Singapore'),
  (342,'Ap #898-3026 Lacus, Rd.','Wellington','S5G 7G4','New Zealand'),
  (343,'Ap #547-8629 Consequat Rd.','Bydgoszcz','742232','Indonesia'),
  (344,'131-5604 Semper Ave','Korba','33318-55388','South Africa'),
  (345,'P.O. Box 488, 2344 Mi. Ave','Pioneer','H0J 2Y9','Pakistan'),
  (346,'Ap #108-286 Quisque Rd.','Saint-Sébastien-sur-Loire','25411','Italy'),
  (347,'Ap #592-3580 Elit, Rd.','Hồ Chí Minh City','8412','New Zealand'),
  (348,'156-7277 Laoreet, St.','Bremerhaven','588273','Chile'),
  (349,'4075 Semper. St.','Kech','778337','Netherlands'),
  (350,'P.O. Box 948, 9210 Nisl Road','Kryvyi Rih','85622-811','South Korea'),
  (351,'Ap #272-2147 Mollis Av.','Vallentuna','111247','South Africa'),
  (352,'8219 Sed Ave','Berlin','24115','India'),
  (353,'Ap #524-4512 Quis Avenue','Tiền Hải','21805','Poland'),
  (354,'1874 Donec Rd.','Daejeon','62654','Chile'),
  (355,'P.O. Box 177, 9389 Montes, Av.','Oleksandriia','44-758','South Africa'),
  (356,'939-9770 Vel Avenue','Serang','45-14','Norway'),
  (357,'P.O. Box 109, 6171 Donec Rd.','San Diego','O3 5ZN','Austria'),
  (358,'Ap #737-4044 Nec St.','Zamora de Hidalgo','4303 IE','Nigeria'),
  (359,'2060 Ipsum. St.','Irkutsk','7168','Belgium'),
  (360,'9248 Sed, Street','Klerksdorp','13334','Nigeria'),
  (361,'Ap #897-2625 Turpis Street','Nijkerk','16570','Poland'),
  (362,'P.O. Box 674, 3270 Montes, Av.','Kamarhati','08383','Brazil'),
  (363,'997-5688 Enim. St.','Tarlac City','50217','Peru'),
  (364,'766 Dolor. Rd.','Panquehue','E4V 3B8','Netherlands'),
  (365,'211-1893 Lacus. St.','Dole','82749','Peru'),
  (366,'119-2369 Vel, Av.','Mérida','5185','Netherlands'),
  (367,'587-5874 Et, Rd.','Mosjøen','78767','New Zealand'),
  (368,'P.O. Box 868, 869 Vestibulum St.','Köflach','53101','Brazil'),
  (369,'381-9964 Duis St.','Gansu','88921','France'),
  (370,'P.O. Box 716, 5904 Convallis Rd.','Tula','5186','Australia'),
  (371,'503-6082 Lobortis Rd.','Camarones','11902','South Africa'),
  (372,'Ap #254-6093 Pede Av.','Ang Mo Kio','34024','Canada'),
  (373,'9176 Non Rd.','Chungju','137826','Brazil'),
  (374,'6624 Ipsum Street','Ceuta','573623','Philippines'),
  (375,'P.O. Box 235, 9706 Mauris, St.','Bremen','562373','Australia'),
  (376,'Ap #282-536 Tempor Av.','Solihull','18435','Italy'),
  (377,'Ap #829-5088 Augue St.','Faisalabad','6156 CE','Peru'),
  (378,'156-2244 Nulla Road','Serang','317169','Austria'),
  (379,'P.O. Box 553, 3346 Dictum Ave','Badajoz','47-347','Turkey'),
  (380,'301-6719 Neque Av.','Laoag','5217-7392','United Kingdom'),
  (381,'1954 Eleifend. Ave','Saint-Malo','4824','Mexico'),
  (382,'Ap #862-2288 Sed Ave','Woodlands','45143','New Zealand'),
  (383,'896-3399 Vulputate, Ave','Gaziantep','86329','Poland'),
  (384,'3787 Aliquam Avenue','Borlänge','10217','New Zealand'),
  (385,'2160 Parturient Ave','Istanbul','25677','Turkey'),
  (386,'606-2857 Sagittis. Avenue','Kroonstad','93716','Canada'),
  (387,'436-4008 Elit, Ave','Tuxtla Gutiérrez','783148','Colombia'),
  (388,'Ap #368-3657 Libero. Rd.','Belfast','5326 YS','Poland'),
  (389,'Ap #578-8870 Mauris, Ave','Waitakere','87346','Indonesia'),
  (390,'Ap #294-7908 Est, Av.','Mount Isa','30195','Costa Rica'),
  (391,'8680 Fringilla. Ave','Upplands Väsby','I1 6TB','Ireland'),
  (392,'Ap #897-3382 Et Street','Annapolis County','04850-50722','Ukraine'),
  (393,'Ap #857-5624 In, St.','Aparecida de Goiânia','76-255','Brazil'),
  (394,'Ap #969-4656 Aliquam Road','Volgograd','718503','Chile'),
  (395,'P.O. Box 925, 2108 Velit St.','Arequipa','97-72','Sweden'),
  (396,'154-6470 Nulla Road','Cork','828341','China'),
  (397,'7207 Egestas Rd.','Nelson','3952972','Indonesia'),
  (398,'P.O. Box 704, 8642 Erat Av.','Mokpo','5145','Pakistan'),
  (399,'P.O. Box 273, 158 Nibh. Rd.','Jeongeup','7795 PS','Colombia'),
  (400,'Ap #606-1331 Egestas, Ave','Terme','B1L 2V1','United States'),
  (401,'Ap #283-813 Ornare Rd.','Yorkton','38502','Poland'),
  (402,'P.O. Box 764, 4942 Dolor Ave','Tagum','73252','Italy'),
  (403,'889-1039 Faucibus. Rd.','Palmerston','188790','Ireland'),
  (404,'1416 A, St.','Kraków','251227','Poland'),
  (405,'1297 Lectus Avenue','Cork','T0X 5M8','Belgium'),
  (406,'794-4889 Aliquet Street','Lakki Marwat','9461','United Kingdom'),
  (407,'Ap #598-3672 Proin Rd.','Turgutlu','2112','Ireland'),
  (408,'P.O. Box 284, 3764 Libero Rd.','Jurong East','FF96 3PQ','United Kingdom'),
  (409,'Ap #413-7154 Iaculis Street','Lonquimay','73-457','Peru'),
  (410,'Ap #464-3020 Eu St.','Ibagué','78-37','Pakistan'),
  (411,'P.O. Box 189, 2475 Faucibus Av.','Belfast','58434','Netherlands'),
  (412,'4469 Libero. St.','Almere','300926','France'),
  (413,'148-103 Dolor. St.','Oslo','317439','Ireland'),
  (414,'P.O. Box 757, 9921 Auctor Rd.','Dublin','41-15','United Kingdom'),
  (415,'612-419 Dui Rd.','Gijzegem','75485','Austria'),
  (416,'3572 Quisque St.','Shostka','39B 5B4','Norway'),
  (417,'P.O. Box 436, 8008 Ac, Rd.','Kurgan','1144','Pakistan'),
  (418,'6585 Varius. Road','Gorontalo','995732','South Korea'),
  (419,'2632 Donec St.','Ambon','12307','Costa Rica'),
  (420,'585-8447 Proin Rd.','Birecik','62-22','Brazil'),
  (421,'P.O. Box 768, 9120 At Rd.','Yeongju','73724','New Zealand'),
  (422,'P.O. Box 695, 825 Bibendum St.','Logroño','91889','Russian Federation'),
  (423,'P.O. Box 448, 7813 Non, Avenue','Jeongeup','525438','South Korea'),
  (424,'912-9805 Volutpat Avenue','Oleksandriia','8450','New Zealand'),
  (425,'P.O. Box 687, 1399 Curabitur St.','Piura','2398','Belgium'),
  (426,'Ap #356-6635 Vitae St.','Hougang','23101','Chile'),
  (427,'129 Eu Street','Sonnino','5456','Colombia'),
  (428,'503-3285 Duis Av.','Chiclayo','13445','Mexico'),
  (429,'970-8179 Egestas. Road','Dole','15156','Netherlands'),
  (430,'794-5447 Augue St.','Darwin','7245','South Africa'),
  (431,'2468 Mauris Street','Canberra','63026','Norway'),
  (432,'P.O. Box 660, 2647 Eros Street','Mulhouse','61770','Italy'),
  (433,'P.O. Box 963, 6727 Aliquam Rd.','Carmen','568067','United States'),
  (434,'P.O. Box 718, 3859 Sit St.','Voronezh','50111','Netherlands'),
  (435,'334-9782 Posuere, Street','Huế','27326','Australia'),
  (436,'8410 Pellentesque Street','Kimberley','11410','Belgium'),
  (437,'P.O. Box 964, 1819 Vivamus Rd.','Melilla','S6R 4L7','Belgium'),
  (438,'Ap #219-400 Sit Road','Chervonohrad','7267','Sweden'),
  (439,'100-6108 Risus. Rd.','Panjim','44676','Mexico'),
  (440,'261-7912 Lacus. St.','Wiener Neustadt','2516','Nigeria'),
  (441,'P.O. Box 158, 9651 Sapien. Rd.','Qinghai','S43 7PV','Brazil'),
  (442,'3214 Arcu. Avenue','Barrhead','8905','Philippines'),
  (443,'Ap #246-6515 In Road','Kędzierzyn-Koźle','555859','Nigeria'),
  (444,'Ap #193-6060 In Rd.','Konin','3924 BS','United States'),
  (445,'569-2363 Sapien. Avenue','Kyiv','5133','Philippines'),
  (446,'Ap #152-6153 Faucibus. Avenue','Novo Hamburgo','7829','Pakistan'),
  (447,'Ap #871-9975 Quisque Street','Hudiksvall','36434','South Africa'),
  (448,'488-3105 Quis, St.','Ciénaga','56346','Philippines'),
  (449,'7467 Ligula St.','Joliet','85444','United Kingdom'),
  (450,'Ap #591-5380 Vulputate Avenue','Leganés','83302','Spain'),
  (451,'Ap #141-2966 Eu St.','Denbigh','348435','Costa Rica'),
  (452,'346-5326 In Rd.','Laurencekirk','34838','Brazil'),
  (453,'Ap #572-200 Feugiat Ave','Ahrensburg','62064','Netherlands'),
  (454,'P.O. Box 580, 8153 Leo. Av.','Bedok','64-56','Brazil'),
  (455,'Ap #868-957 Facilisis, Ave','Zwolle','02070','Peru'),
  (456,'Ap #193-9162 Montes, Avenue','Arica','28444','Mexico'),
  (457,'P.O. Box 228, 6151 Ac Rd.','Zamboanga City','905256','Spain'),
  (458,'570-7517 Ac Av.','Sankt Johann im Pongau','62253-447','India'),
  (459,'P.O. Box 871, 2815 Sapien Ave','Tamines','36746','Italy'),
  (460,'Ap #564-4887 Vivamus Avenue','Sichuan','84289','Austria'),
  (461,'Ap #379-6179 Luctus Road','Barranca','13188','Costa Rica'),
  (462,'P.O. Box 698, 3486 Dolor. Road','Weißenfels','83685','Philippines'),
  (463,'5622 Ut Street','Ambon','59027','India'),
  (464,'605-7826 In St.','Salvador','464966','Mexico'),
  (465,'603-8968 Ipsum Road','Chimbote','61924','United Kingdom'),
  (466,'944-9310 Imperdiet Street','Lunel','20642','Poland'),
  (467,'P.O. Box 873, 1517 In Rd.','San Pablo','9014','Germany'),
  (468,'1249 Nunc St.','Berlin','83746','United States'),
  (469,'Ap #365-3477 Fermentum Rd.','Bracknell','833863','Ireland'),
  (470,'Ap #990-6633 Ipsum Rd.','Bad Vöslau','67-367','Turkey'),
  (471,'697-9982 Quis Road','Nậm Nhùn','8581','South Korea'),
  (472,'P.O. Box 480, 2834 Sem St.','Paupisi','1176','Philippines'),
  (473,'611-6945 Morbi Av.','Dublin','20204','New Zealand'),
  (474,'230-387 Imperdiet Avenue','Karachi','85247-827','South Africa'),
  (475,'861-2042 Quis Av.','Port Harcourt','17-207','Nigeria'),
  (476,'922-9513 Ipsum. Street','Toernich','4549','Singapore'),
  (477,'7438 Auctor Street','Quibdó','266971','Norway'),
  (478,'P.O. Box 155, 9655 Integer St.','Garzón','228611','India'),
  (479,'Ap #667-8713 Velit St.','Tank','62-25','Netherlands'),
  (480,'864-5050 Molestie St.','Swansea','982568','Belgium'),
  (481,'Ap #488-4343 Ac, Avenue','Valle del Guamuez','25951','United States'),
  (482,'528-6809 Pede Avenue','Zielona Góra','778584','Belgium'),
  (483,'Ap #432-726 Malesuada Avenue','Swan','80551','Ukraine'),
  (484,'201-2532 Orci. St.','Katsina','81956-37356','Poland'),
  (485,'698-8069 Scelerisque Av.','Cusco','171793','Costa Rica'),
  (486,'P.O. Box 611, 1607 Ac Rd.','Douai','93-859','Russian Federation'),
  (487,'Ap #772-8138 Purus St.','Baguio','751754','South Korea'),
  (488,'P.O. Box 452, 7814 Auctor Street','Petorca','664709','Norway'),
  (489,'296-9246 Magna Street','Wanaka','1740','France'),
  (490,'755-3719 Lobortis Avenue','Launceston','3471','Spain'),
  (491,'586-433 Nec, Av.','Sulzbach','232649','Italy'),
  (492,'924-9091 Ipsum St.','Belfort','3467 TF','New Zealand'),
  (493,'318-2473 In Street','Ficarolo','193273','South Korea'),
  (494,'844-207 Proin Av.','Gravilias','4973','South Africa'),
  (495,'785-1117 Nunc Av.','Herne','26-567','India'),
  (496,'225-8639 Tempor, Avenue','Paulista','79344-25548','Nigeria'),
  (497,'P.O. Box 394, 4330 Eleifend Av.','Tarakan','675273','Australia'),
  (498,'Ap #390-3980 Consectetuer Rd.','Garzón','83358','Philippines'),
  (499,'102-5936 Ipsum St.','Cajamarca','932754','Australia'),
(500,'809-3818 Velit. Av.','Dresden','355653','Peru');
 

-- ASOCIO CLIENTES A DIFERENTES DIRECCIONES
INSERT INTO clientes_direccion(customer_id, id_dirrecion)
    SELECT 
        c.customer_id, 
        COALESCE( d.fila_random, abs(random()) % (SELECT COUNT(id) FROM direccion) ) AS id
    FROM 
        cliente c
    LEFT JOIN (
        SELECT id, 1 + abs(random()) % (SELECT COUNT(id) FROM direccion) as fila_random
        FROM direccion
    ) d ON c.customer_id = d.id
LIMIT (SELECT COUNT(customer_id) FROM cliente);

-- ASOCIO EMPLEADOS A DIFERENTES DIRECCIONES
INSERT INTO empleado_direccion(employee_id, id_dirrecion)
    SELECT 
        e.employee_id, 
        COALESCE( d.fila_random, abs(random()) % (SELECT COUNT(id) FROM direccion) ) AS id
    FROM 
        empleado e
    LEFT JOIN (
        SELECT id, 1 + abs(random()) % (SELECT COUNT(id) FROM direccion) as fila_random
        FROM direccion
    ) d ON e.employee_id = d.id
LIMIT (SELECT COUNT(employee_id) FROM empleado);

-- ASOCIO SUCURSALES CON DIRECCIONES
UPDATE sucursal
SET branch_address_id = (1 + abs(random()) % (SELECT COUNT(id) FROM direccion));


-- ALTER TABLE cliente DROP COLUMN tipo_cliente_id;
ALTER TABLE cliente ADD COLUMN tipo_cliente_id INT;

-- ASOCIO TIPOS DE CLIENTE CON CLIENTES
UPDATE  cliente
SET tipo_cliente_id = (1 + abs(random()) % (SELECT COUNT(id) FROM tipo_cliente));


-- AMPLIO LA TABLA CUENTA
-- ALTER TABLE cuenta DROP COLUMN tipo_cuenta_id;

-- Comentar esta linea si ya existe la columna
ALTER TABLE cuenta ADD COLUMN tipo_cuenta_id INT; 

-- ASOCIO TIPOS CON CUENTA
UPDATE cuenta
SET tipo_cuenta_id = (1 + abs(random()) % (SELECT COUNT(id) FROM tipo_cuenta));

-- ANTES DEL CAMBIO DE FORMATO
SELECT employee_hire_date FROM empleado;

-- FORMATO FECHA DE EMPLEADO
UPDATE empleado
SET employee_hire_date = substr(employee_hire_date, 7, 4) || '-' ||
         substr(employee_hire_date, 4, 2) || '-' ||
         substr(employee_hire_date, 1, 2);

-- DESPUES DEL CAMBIO DE FORMATO
SELECT employee_hire_date FROM empleado;

